Phrase,Cerebro IQ Score,Search_volume,Competing Products,CPR 8-Day Giveaways,Sponsored ASINs,Amazon Recommended,Sponsored,Organic,Amazon Recommended Rank,Sponsored_rank,Organic_rank
treats for petcube bites,-,-,419,-,162,0,1,1,-,1,4
pet camera treat,1345,382,284,8,228,0,1,1,-,1,3
petcube accessories,1687,140,83,8,94,0,1,1,-,1,4
petcube bites,11000,209,19,8,16,0,1,1,-,1,1
petcube treat,1337,139,104,8,145,1,1,1,186,1,1
pet cube treats,25,49,2000,8,192,0,1,1,-,1,15
dog treats dispenser,76,151,2000,8,84,0,1,1,-,1,18
cat treats for petcube,-,-,49,-,88,0,1,1,-,1,6
treats for petcube,408,225,552,8,317,0,1,1,-,1,5
petcube bites pet camera,294,25,85,8,66,0,1,1,-,1,1
petcube pet camera,-,-,146,-,78,1,1,1,240,1,1
pet camera treats,509,113,222,8,173,0,1,1,-,1,9
pet cube bite,-,-,1000,-,212,0,1,1,-,1,1
wopet bag,-,-,188,-,52,0,1,1,-,1,75
petcube bite,221,95,430,8,107,1,1,1,180,1,1
monitors 1080p,28,279,10000,8,170,0,1,0,-,1,-
cube pet camera,48,38,799,8,225,0,1,1,-,1,1
petcube treats,349,210,602,8,279,0,1,1,-,1,16
pet cube bites,119,119,1000,8,176,1,1,1,296,1,1
petcubes bites,455,223,490,8,219,0,1,1,-,1,1
cat rooms,9,471,50000,16,84,0,1,0,-,1,-
the pet cube,6,28,5000,8,283,0,1,1,-,1,1
pet cubes,25,172,7000,8,263,0,1,1,-,1,2
pet camera two way audio treat,-,-,158,-,212,0,1,0,-,1,-
petcube bites camera,4422,199,45,8,72,0,1,1,-,1,1
petcube treat dispenser,2525,308,122,8,60,1,1,1,244,1,1
pet cubes bites,54,54,1000,8,242,0,1,1,-,1,1
petcube treats dog,234,118,504,8,254,0,1,1,-,1,4
petcube bites pet camera with treat dispenser,1667,185,111,8,54,0,1,1,-,1,1
petcubes bites camera,295,38,129,8,79,0,1,1,-,1,1
petcube bites 2,37400,561,15,16,6,0,1,1,-,1,1
furbo cat camera treat dispenser,1894,197,104,8,98,1,1,1,301,1,8
petcube dog camera,2090,301,144,8,31,1,1,1,246,1,1
per cube bites,-,-,508,-,207,0,1,1,-,2,1
dog treat dipenser,-,-,716,-,133,0,1,1,-,2,23
pet camera and treat dispenser,1249,266,213,8,220,0,1,1,-,2,4
pet cam with audio,243,243,1000,8,359,0,1,1,-,2,95
dog treat dispenser,2547,2547,1000,56,348,1,1,1,23,2,8
petcube camera,2852,251,88,8,106,1,1,1,93,2,1
petcube play,8600,301,35,8,4,1,1,1,295,2,2
pet cube,1430,1430,1000,32,337,1,1,1,291,2,1
petcube 1080p,1618,165,102,8,85,0,1,1,-,2,2
petcube hd,305,73,239,8,143,0,1,1,-,2,4
petcube interactive,-,-,60,-,84,0,1,1,-,2,5
petcube laser,310,39,126,8,68,1,1,1,442,2,2
pet cube camera,292,189,648,8,200,1,1,1,293,2,1
dog treat camera,2795,886,317,16,330,1,1,1,55,2,7
dog treat despenser,136,93,682,8,134,0,1,1,-,2,135
dog treat dispenser with camera,1084,220,203,8,249,0,1,1,-,2,6
dog treat dispenser camera,986,279,283,8,192,0,1,1,-,2,16
pet treat dispenser,675,675,1000,16,340,1,1,1,51,2,11
pet treat camera,1079,329,305,8,246,1,1,1,78,2,12
wifi dog treat dispenser,1000,149,149,8,168,1,1,1,312,2,13
petcube play camera,441,30,68,8,140,0,1,1,-,2,2
pet cube treat dispenser,158,102,647,8,201,1,1,1,416,2,1
furbo dog camera treat dispenser,3250,598,184,16,112,1,1,1,294,2,13
dog treat camera dispenser,4856,675,139,16,185,0,1,1,-,2,7
petcabe portable dog paw cleaner,1842,140,76,8,78,0,1,0,-,2,-
pet treat dispenser with camera,1053,220,209,8,237,0,1,1,-,2,15
pet treat camera dispenser,482,107,222,8,142,0,1,1,-,2,20
wifi pet camera treat,1726,328,190,8,102,0,1,1,-,2,2
things for dogs,96,1928,20000,56,423,0,1,0,-,2,-
dog needs,9,747,80000,24,360,0,1,0,-,2,-
dog camera treat dispenser,2353,600,255,16,238,1,1,1,60,2,7
dog camera treat dispenser furbo,-,-,232,-,72,0,1,1,-,2,8
petcube play pet camera,-,-,64,-,93,0,1,1,-,2,1
pet camera treat dispenser,1326,301,227,8,205,1,1,1,70,2,10
pet camera with treat dispenser,4506,1221,271,24,236,1,1,1,37,2,5
cat camera collar,5418,1349,249,32,324,0,1,0,-,2,-
dog camera and treat dispenser,945,242,256,8,237,0,1,1,-,2,11
pet camera and treat,236,118,501,8,78,0,1,1,-,2,7
dog camera with treat dispenser,6400,1664,260,40,274,1,1,1,36,2,6
petzi pet,-,-,493,-,80,0,1,0,-,2,-
furbo dog,591,55,93,8,91,0,1,1,-,2,17
furbo wifi dog cam,-,-,217,-,190,0,1,1,-,2,9
petcube cat,546,83,152,8,106,1,1,1,247,2,2
cat camera monitor,2328,810,348,16,376,1,1,1,99,2,60
treat tossing dog camera,1216,152,125,8,89,1,1,1,367,2,17
way dog,2,92,60000,8,79,0,1,0,-,2,-
dog room,9,561,60000,16,428,1,1,1,58,2,55
pet robot,477,953,2000,24,379,0,1,0,-,2,-
pet nanny cam,85,79,927,8,290,0,1,0,-,2,-
laser camera,52,309,6000,8,84,0,1,1,-,2,159
dog treat with camera,124,69,555,8,224,1,1,1,449,2,10
dog will bite,13,92,7000,8,299,0,1,0,-,2,-
scale for dogs,73,292,4000,8,68,0,1,0,-,2,-
dog alert,69,412,6000,16,132,0,1,1,-,2,227
furbo for dogs,3010,301,100,8,76,0,1,1,-,2,10
smart dog camera,118,235,2000,8,334,0,1,1,-,2,60
camera for dog,826,451,546,8,416,0,1,1,-,2,86
treat dispensing dog camera,913,126,138,8,167,1,1,1,657,2,9
petcube bites treat camera,1700,85,50,8,21,0,1,1,-,2,1
dog scales,187,747,4000,16,157,0,1,0,-,2,-
pet cube cat,-,-,1000,-,81,1,1,1,439,2,5
puppy treat camera,249,96,386,8,163,1,1,1,490,2,39
treat camera dispenser,-,-,194,-,156,0,1,1,-,2,5
petcube interactive wifi pet camera,1953,125,64,8,149,0,1,1,-,2,2
wifi dog treat dispense,-,-,189,-,60,0,1,1,-,2,24
dog treat dispenser and camera,1837,450,245,8,218,0,1,1,-,2,6
petcube camara,207,36,174,8,72,0,1,0,-,2,-
motion dog,4,44,10000,8,72,0,1,1,-,2,254
petcube play interactive,-,-,59,-,61,0,1,0,-,2,-
petcube bites pet camera treat dispenser,3167,133,42,8,32,0,1,1,-,2,1
petcube cam,-,-,184,-,105,0,1,1,-,2,1
petcube play smart,-,-,68,-,62,0,1,1,-,2,3
petcube 2,1576,197,125,8,121,1,1,1,166,2,1
petcube play 2,5146,211,41,8,6,1,1,1,305,2,2
petcube bites wi-fi pet camera,-,-,50,-,21,0,1,1,-,2,1
fur bo,-,-,1000,-,33,1,1,1,484,2,80
furbo treats refill,-,-,450,-,78,0,1,0,-,2,-
pet cam,4554,4554,1000,104,459,1,1,1,297,3,51
furbo dog camera,90370,12200,135,224,132,1,1,1,292,3,11
dog cameras with phone app,747,747,1000,16,355,0,1,1,-,3,102
puppy camera,6654,1923,289,40,409,1,1,1,310,3,45
furbo pet camera,2662,189,71,8,83,1,1,1,330,3,16
petzi treat cam,9211,350,38,8,53,1,1,1,364,3,14
dog camera treat,1322,316,239,8,252,0,1,1,-,3,5
treat dog camera,430,95,221,8,270,0,1,1,-,3,21
dog camera with treats,681,158,232,8,243,0,1,1,-,3,8
interactive dog camera,339,80,236,8,272,1,1,1,315,3,30
treat dispenser with camera,320,62,194,8,146,1,1,1,114,3,18
dog cam,3086,2552,827,56,427,1,1,1,307,3,36
camera dog treat,223,27,121,8,228,0,1,1,-,3,10
treat pet camera,431,97,225,8,185,0,1,1,-,3,15
treat tossing camera,1514,159,105,8,69,1,1,1,388,3,18
rv pet safety temperature monitor,6611,747,113,16,148,0,1,0,-,3,-
pet video treat dispenser,86,24,278,8,45,1,1,1,123,3,11
dog treat and camera,304,160,527,8,262,0,1,1,-,3,7
tough dog cameras,396,91,230,8,503,0,1,1,-,3,2
pet dispenser camera,416,92,221,8,136,1,1,1,598,3,12
monitor for dog,7,67,10000,8,100,0,1,1,-,3,162
doggy cam,686,686,1000,16,294,1,1,1,350,3,69
doggy camera,1922,371,193,8,302,1,1,1,378,3,53
furbo dog camera treat tossing,4794,302,63,8,13,1,1,0,469,3,-
cameras for dogs,63,126,2000,8,348,0,1,1,-,3,34
camera for cats,23,203,9000,8,311,0,1,1,-,3,6
dog interactive camera,-,-,502,-,75,0,1,1,-,3,50
dog treat dispensing camera,644,85,132,8,128,0,1,1,-,3,12
security camera for dogs,128,256,2000,8,421,0,1,0,-,3,-
dog camera and treat,76,39,511,8,261,0,1,1,-,3,12
dog treat camera with phone app,1079,150,139,8,282,0,1,1,-,3,14
dog camera with treat,365,72,197,8,224,1,1,1,117,3,13
furbo camera dog,1439,433,301,8,169,0,1,1,-,3,13
pawbo dog camera,-,-,134,-,172,1,1,1,451,3,9
fur dog camera,184,152,828,8,140,1,1,1,545,3,19
dog bites dog,2,33,20000,8,81,0,1,1,-,3,74
rv petsafety,84000,252,3,8,73,0,1,0,-,3,-
furbodog camera,2039,208,102,8,7,1,1,1,577,3,29
furbo treat tossing wifi pet camera,-,-,107,-,65,0,1,1,-,3,13
furbo treat tossing wi-fi pet camera,3667,286,78,8,24,0,1,1,-,3,12
pet camera for dogs,8913,3886,436,88,313,0,1,1,-,3,8
furbo dog treats for camera,10932,1443,132,32,78,0,1,1,-,3,16
pet collar camera,686,338,493,8,381,1,1,0,411,4,-
pet training bag,51,306,6000,8,348,0,1,0,-,4,-
dog monitor camera with app,2520,1913,759,40,381,1,1,1,313,4,91
treat camera,571,185,324,8,191,1,1,1,91,4,4
furbo cat camera,6429,675,105,16,114,1,1,1,299,4,21
wifi cat toy,1195,135,113,8,151,1,1,1,333,4,76
pet dispenser,62,187,3000,8,314,1,1,1,88,4,122
dog food camera,72,52,719,8,232,1,1,1,512,4,32
dog cams,60,358,6000,8,360,0,1,1,-,4,81
motion dispenser,-,-,1000,-,84,1,1,0,223,4,-
puppy camera with two way audio with app,2232,471,211,8,372,0,1,1,-,4,116
cat treat camera dispenser,355,54,152,8,140,0,1,1,-,4,12
dog cameras with phone app with speaker,6560,2552,389,56,406,0,1,1,-,4,37
skymee dog camera,1077,98,91,8,97,0,1,1,-,4,13
furbo dog camera with treat tossing technology,3978,366,92,8,89,0,1,1,-,4,17
furbo pet cam,1770,154,87,8,41,1,1,1,571,5,11
pawbo pet camera,735,83,113,8,180,1,1,1,339,5,10
doggie camera,2532,600,237,16,300,0,1,1,-,5,104
camera for dogs at home,2574,888,345,16,459,0,1,1,-,5,27
camera for dogs,89,354,4000,8,456,0,1,1,-,5,27
dog scale,637,2547,4000,56,318,0,1,0,-,5,-
pet food camera,-,-,909,-,149,1,1,1,649,5,23
cat cam,1686,747,443,16,336,1,1,1,318,5,66
petcube bites treats,889,423,476,8,201,0,1,1,-,5,2
petcube dog treats,103,45,435,8,273,0,1,1,-,5,3
pet monitor camera with audio,249,497,2000,8,120,1,1,0,168,6,-
treat dispenser camera,1230,246,200,8,154,1,1,1,107,6,9
facetime dog camera,-,-,160,-,219,0,1,1,-,6,11
video treat dispenser,672,314,467,8,141,1,1,1,119,6,20
pet tutor,953,102,107,8,155,1,1,1,459,6,4
sound for dogs,2,138,90000,8,84,0,1,1,-,6,205
nightvison hd,-,-,74,-,24,0,1,0,-,6,-
pet monitor treat dispenser,309,56,181,8,182,1,1,1,274,7,7
cat scale,536,1609,3000,40,222,0,1,0,-,7,-
dog camera treats,632,175,277,8,222,0,1,1,-,7,9
tooge pet camera,15850,951,60,24,89,0,1,1,-,7,18
camera dog treat dispenser,2286,471,206,8,181,0,1,1,-,8,4
pet monitor camera,675,675,1000,16,414,1,1,1,33,8,116
pet alert,82,164,2000,8,242,1,1,1,112,8,63
toy dog treats,26,259,10000,8,233,0,1,0,-,8,-
furbo dog cam,828,193,233,8,98,1,1,1,560,8,8
small pet scale,86,257,3000,8,317,0,1,0,-,8,-
pet monitoring camera with phone app,2043,1412,691,32,449,0,1,1,-,8,143
pets supplies for dogs,2,225,100000,8,407,0,1,0,-,9,-
pets treats,4,160,40000,8,409,0,1,1,-,9,199
pet scales for cats,1975,1349,683,32,294,0,1,0,-,9,-
pet room,4,185,50000,8,406,1,1,1,156,9,22
news dog,24,73,3000,8,72,0,1,0,-,9,-
cat pet treats,-,-,20000,-,78,0,1,0,-,9,-
dog camera with phone app with speaker,1393,411,295,8,168,0,1,1,-,9,87
train me treats,4426,301,68,8,21,0,1,0,-,10,-
petcube camera video,-,-,135,-,127,0,1,1,-,10,2
alexa 2,-,-,9000,-,318,1,1,1,182,10,132
pet cube interactive wifi pet camera,1880,250,133,8,48,0,1,1,-,11,6
dogs and cats,7,673,100000,24,547,0,1,0,-,11,-
pet treat,14,278,20000,8,403,1,1,1,19,12,50
pet dogs,2,426,200000,16,78,0,1,0,-,12,-
cat laser,1940,5819,3000,128,326,0,1,1,-,13,211
digital animal scale,382,238,623,8,390,0,1,0,-,13,-
train bag,51,308,6000,8,401,0,1,0,-,13,-
puppy scale,1915,1915,1000,40,368,0,1,0,-,14,-
dog toys bucket,62,124,2000,8,318,0,1,0,-,14,-
baby scale digital,4486,1440,321,32,265,0,1,0,-,14,-
small dog toy box,49,487,10000,16,334,0,1,0,-,14,-
dog camera with phone app,10626,8320,783,160,421,1,1,1,306,14,90
dog and cat,2,169,100000,8,373,0,1,0,-,14,-
dog toys basket,89,445,5000,8,452,0,1,0,-,15,-
pet cameras that connect with iphone,1386,506,365,8,392,0,1,1,-,15,178
treat dispenser,1923,1923,1000,40,360,1,1,1,27,15,13
animal scale,162,810,5000,16,263,0,1,0,-,15,-
large scale,7,747,100000,24,369,0,1,0,-,15,-
animal scales digital weight,681,162,238,8,261,0,1,0,-,15,-
alexa dog,-,-,1000,-,223,1,1,1,174,15,52
pet supples,122,122,1000,8,471,0,1,0,-,17,-
rooms pet,-,-,70000,-,271,0,1,0,-,18,-
furbo treats small dogs,2436,458,188,8,46,0,1,1,-,18,79
pet cam laser,-,-,176,-,168,1,1,1,438,19,4
furbo treats,5870,951,162,24,224,0,1,1,-,19,151
animal weight scale,139,139,1000,8,291,0,1,0,-,19,-
dog treats for furbo camera,2195,338,154,8,124,0,1,1,-,19,16
treats for cats,884,884,1000,16,334,0,1,0,-,20,-
treat dispenser for cats,34,34,1000,8,268,0,1,1,-,20,96
cat dog,109,2186,20000,64,311,1,1,0,35,20,-
pet dog,19,1850,100000,64,479,1,1,1,21,22,190
small animal scale,169,675,4000,16,344,0,1,0,-,22,-
pet bites,13,133,10000,8,254,0,1,1,-,22,1
bite dog treats,13,76,6000,8,281,0,1,1,-,22,250
camera app,402,3618,9000,112,128,0,1,0,-,23,-
piles peak,-,-,271,-,32,0,1,0,-,23,-
cat and dog,7,747,100000,24,398,0,1,0,-,24,-
camera for pets,509,509,1000,8,361,0,1,1,-,24,97
dog monitor camera with two way audio,479,287,599,8,349,0,1,1,-,24,136
for cats pet,1,136,100000,8,58,0,1,0,-,24,-
dog monitor,1852,1852,1000,40,391,1,1,1,31,25,94
dog monitors,21,128,6000,8,338,0,1,1,-,25,36
godoggo fetch machines,-,-,211,-,28,0,1,0,-,26,-
dog video camera,280,559,2000,16,488,1,1,1,57,26,254
cat monitor,138,138,1000,8,294,1,1,1,171,27,72
pet cams,215,215,1000,8,374,0,1,1,-,27,21
pets supplies,2,191,100000,8,403,0,1,0,-,29,-
pet scale,1272,3817,3000,88,294,0,1,0,-,30,-
dog treats camera,210,113,538,8,255,0,1,1,-,30,11
pet camera cat,256,256,1000,8,372,1,1,1,120,31,37
dog collar camera,2918,1430,490,32,437,1,1,0,346,32,-
pet cam with treat dispenser,676,100,148,8,125,0,1,1,-,32,6
night vision hd,41,406,10000,16,424,0,1,0,-,32,-
cat camera with treat dispenser,861,99,115,8,222,1,1,1,144,32,12
cat camera treat dispenser,1148,451,393,8,51,1,1,1,126,33,6
gen crate,-,-,427,-,42,0,1,0,-,33,-
pet cam treat,143,128,895,8,127,0,1,1,-,34,9
pet camera for cats,165,165,1000,8,313,0,1,1,-,34,26
puppy dog training treats,14,82,6000,8,123,0,1,0,-,34,-
dog pet treats,10,209,20000,8,278,0,1,0,-,34,-
dog bites,19,187,10000,8,279,0,1,1,-,35,50
bites dog,-,-,20000,-,230,0,1,1,-,35,51
pet dog cat,2,243,100000,8,444,1,1,0,133,36,-
treat dispensing camera,1691,208,123,8,147,1,1,1,453,36,5
2 pet,2,158,100000,8,341,0,1,1,-,36,18
pet cam treat dispenser,1254,168,134,8,145,1,1,1,446,37,6
live video dog,-,-,3000,-,124,0,1,1,-,37,21
spy robots with camera,116,86,744,8,75,0,1,0,-,38,-
dog 2 dog,3,79,30000,8,188,0,1,1,-,40,90
pet camera dispenser,-,-,1000,-,166,1,1,1,252,40,6
keyboard that looks and sounds like a typewriter,202,51,252,8,69,0,1,0,-,40,-
dog bite,21,207,10000,8,349,1,1,1,74,41,52
monitor with audio,3,66,20000,8,415,1,1,0,175,41,-
cat dogs,1,133,100000,8,197,0,1,0,-,41,-
treat dispenser cat,115,461,4000,8,317,0,1,1,-,42,37
doggie cam treat,-,-,292,-,73,0,1,1,-,42,5
treats dogs,11,331,30000,8,407,0,1,0,-,42,-
automatic ball thrower for dogs,9746,1345,138,32,237,0,1,1,-,44,150
tennis ball thrower automatic,-,-,223,-,49,0,1,0,-,45,-
night motion camera,169,338,2000,8,412,1,1,0,207,45,-
cat camera with laser,271,55,203,8,229,1,1,1,345,46,21
cats treats,353,341,966,8,348,0,1,0,-,47,-
flirt camera,-,-,94,-,150,0,1,0,-,47,-
treat dispenser for dog,20,39,2000,8,288,0,1,1,-,47,46
treats for dog,4,107,30000,8,79,0,1,0,-,47,-
app pet,-,-,10000,-,135,0,1,1,-,48,51
doggie camera with audio,946,440,465,8,383,0,1,1,-,48,151
pet monitor,2017,1432,710,32,470,1,1,1,26,48,43
treats dog,22,109,5000,8,271,0,1,0,-,48,-
pet cam with laser,300,51,170,8,166,0,1,1,-,50,6
dog treats treats,6,192,30000,8,401,0,1,0,-,50,-
automatic cat laser,4082,747,183,16,226,0,1,1,-,50,147
dog scales for large breed,6341,1154,182,24,202,0,1,0,-,50,-
camera with sound,7,130,20000,8,104,1,1,0,83,50,-
remote camera,192,1917,10000,56,615,0,1,0,-,51,-
treat for cat,-,-,10000,-,84,0,1,0,-,51,-
clever dog camera,3323,432,130,8,310,0,1,0,-,52,-
dog fetching launcher,5125,1430,279,32,263,0,1,0,-,53,-
pet camera with treats,-,-,401,-,187,0,1,1,-,54,4
dog anxiety music,62,185,3000,8,56,0,1,1,-,55,51
electric unicycle,20830,6749,324,136,194,0,1,0,-,55,-
pets dog,1,107,100000,8,379,0,1,0,-,55,-
resistant movement,-,-,20000,-,65,0,1,0,-,56,-
automatic ball launcher for dogs,23357,4905,210,112,310,0,1,0,-,56,-
camera pet treat dispenser,351,94,268,8,159,0,1,1,-,56,8
for dogs and cats,1,78,100000,8,325,0,1,0,-,57,-
pet cam and treat dispenser,-,-,105,-,99,0,1,1,-,57,7
cat treat,7682,7682,1000,152,320,1,1,0,2,57,-
pet feeder with camera,2537,312,123,8,274,1,1,1,347,57,87
dog camera laser,92,45,489,8,205,0,1,1,-,57,8
dog treats for dogs,18,146,8000,8,360,0,1,0,-,58,-
dog ball throwing machine,778,140,180,8,235,0,1,1,-,59,109
full hd,4,286,70000,8,526,1,1,0,50,59,-
pet camera with laser,1367,369,270,8,285,1,1,1,329,59,19
2 way audio,64,318,5000,8,108,1,1,0,260,59,-
camera monitor app,43,304,7000,8,63,0,1,0,-,59,-
cat pet camera,-,-,1000,-,264,0,1,1,-,59,54
treat dispenser dog,124,247,2000,8,361,0,1,1,-,60,33
pet dog treats,16,491,30000,16,414,0,1,0,-,60,-
cat camera,8739,3618,414,80,400,1,1,1,15,60,10
pivot 1080p hd,-,-,785,-,92,0,1,0,-,60,-
pet wifi treat dispenser,428,133,311,8,67,0,1,1,-,60,10
cat treat camera,762,240,315,8,232,1,1,1,116,60,12
pet items,4,268,70000,8,80,0,1,0,-,61,-
treat dispenser wifi,328,106,323,8,129,0,1,1,-,61,8
best camera app,8,165,20000,8,62,0,1,0,-,61,-
wi fi cameras,9,177,20000,8,591,0,1,0,-,62,-
hd camera 1080p,82,164,2000,8,626,1,1,0,28,63,-
dog ball launcher automatic,6575,1269,193,32,265,0,1,0,-,63,-
security camera app,31,186,6000,8,309,0,1,0,-,63,-
dog video treat dispenser,168,40,238,8,144,0,1,1,-,65,15
turbo dog camera,1947,294,151,8,161,1,1,1,622,65,27
dog cube camera,149,132,888,8,242,1,1,1,436,65,2
camera audio,27,268,10000,8,629,1,1,0,77,66,-
dog treat monitor,102,74,726,8,222,1,1,1,237,66,15
pet cat,7,747,100000,24,442,1,1,0,39,67,-
rc tank with camera,2081,464,223,8,340,0,1,0,-,68,-
dog self throwing toy,76,43,567,8,73,0,1,0,-,69,-
dog video,8,254,30000,8,252,1,1,1,178,70,71
ring doorbell with cameras packages,531,346,652,8,84,0,1,0,-,70,-
dog treat video camera,1561,292,187,8,220,1,1,1,228,72,8
fed dog chart,-,-,345,-,164,0,1,0,-,75,-
wireless camera 1080p hd wifi pet camera baby monitor,-,-,1000,-,97,0,1,0,-,75,-
pet cat dog,2,47,20000,8,149,0,1,0,-,76,-
pet camera laser pointer,-,-,285,-,187,0,1,1,-,76,4
pet feeder camera,702,304,433,8,265,0,1,1,-,76,55
pet camera with treat,43,17,396,8,235,1,1,1,236,76,2
doggie camera with audio and app,7726,1661,215,40,277,0,1,1,-,76,67
hd camera monitor,22,223,10000,8,120,1,1,0,194,77,-
interactive dog monitor,-,-,368,-,201,0,1,1,-,77,38
video cmeras,-,-,800,-,92,0,1,0,-,77,-
dog treat bites,64,447,7000,16,84,0,1,1,-,78,238
dogs pet,1,99,100000,8,329,0,1,0,-,79,-
baby minitor with wifi,-,-,359,-,150,0,1,0,-,80,-
cameras for pets,29,202,7000,8,429,0,1,1,-,80,96
pet camera laser,986,286,290,8,356,1,1,1,331,82,19
puppy camera with two way audio,897,341,380,8,108,0,1,0,-,82,-
hd 1080p camera,22,440,20000,16,660,0,1,0,-,82,-
pet cam iphone,-,-,1000,-,227,0,1,1,-,83,161
treat dog,56,222,4000,8,359,0,1,0,-,83,-
camera for pet,44,132,3000,8,372,0,1,1,-,84,14
puppy cameras with app,-,-,588,-,184,0,1,1,-,84,92
dog camera app,125,125,1000,8,93,0,1,0,-,84,-
detects camera,9,56,6000,8,102,0,1,0,-,87,-
puppy monitor,138,138,1000,8,325,0,1,1,-,88,166
cat wifi,8,77,10000,8,160,0,1,1,-,94,82
pet camera cube,216,163,756,8,208,0,1,1,-,94,1
pet monitor camera with two way audio and video,262,260,994,8,376,0,1,1,-,95,176
vas camera,291,34,117,8,203,0,1,0,-,99,-
robots with a camera,-,-,3000,-,119,0,1,0,-,101,-
freezer camera,782,347,444,8,110,0,1,0,-,103,-
camera pet,24,72,3000,8,371,0,1,1,-,105,44
nanny cams wireless with cell phone app and sound,3792,1221,322,24,332,0,1,0,-,105,-
doggie cameras,221,221,1000,8,399,0,1,1,-,106,137
pet ball camera,54,44,817,8,110,0,1,1,-,108,10
nanny cam with sound and live video,167,144,861,8,108,0,1,0,-,108,-
live streaming security camera,86,86,1000,8,369,0,1,0,-,110,-
pet cam for iphone,32,64,2000,8,234,0,1,1,-,113,198
sir cameras,-,-,7000,-,236,0,1,0,-,114,-
baby wifi monitor with camera and audio,160,160,1000,8,344,0,1,0,-,119,-
electronic pet dog,31,245,8000,8,355,0,0,1,-,-,173
dog treat,472,14146,30000,368,312,1,0,0,1,-,-
fur live pets toys,-,-,740,-,163,0,0,1,-,-,175
dog treat launcher,759,145,191,8,160,1,0,0,408,-,-
dog treats for anxiety,108,216,2000,8,320,0,0,1,-,-,191
automatic pointer,136,122,895,8,298,0,0,1,-,-,153
automatic lazer for cats,-,-,166,-,113,0,0,1,-,-,92
automatic dog treats,-,-,2000,-,182,0,0,1,-,-,70
dog treat organizer,227,187,824,8,323,0,0,1,-,-,112
dog treat dispenser toys,68,68,1000,8,199,0,0,1,-,-,231
pet laser toy,387,387,1000,8,234,0,0,1,-,-,180
pet treats,64,1928,30000,64,340,0,0,1,-,-,257
small pet treats,3,75,30000,8,189,0,0,1,-,-,193
dog treat puzzle,3413,3239,949,72,338,1,0,0,365,-,-
dog treat activity,31,125,4000,8,184,0,0,1,-,-,97
dog treat machine,157,100,637,8,139,1,0,1,352,-,25
dog treat feeder,112,112,1000,8,188,1,0,0,461,-,-
dog treat tote,637,396,622,8,310,0,0,1,-,-,261
knox pet camera,-,-,17,-,33,0,0,1,-,-,19
cube anxiety,129,129,1000,8,160,0,0,1,-,-,264
plays well with dogs,-,-,10000,-,171,0,0,1,-,-,176
video scene board,-,-,6000,-,132,0,0,1,-,-,233
fur real kitty poopin treats,-,-,15,-,35,0,0,1,-,-,9
cat puzzle feeder,2866,1685,588,40,323,1,0,0,368,-,-
interactive dog feeder,533,326,612,8,0,1,0,0,342,-,-
dig paw wax,-,-,175,-,136,0,0,1,-,-,69
full motion,233,233,1000,8,413,1,0,0,141,-,-
anxiety treats for dogs,406,406,1000,8,297,0,0,1,-,-,290
black dog machine,1,38,60000,8,171,0,0,1,-,-,65
pet zoom,1115,455,408,8,256,0,0,1,-,-,132
sleek dog,-,-,7000,-,237,0,0,1,-,-,230
wifi ball camera,-,-,591,-,258,0,0,1,-,-,202
dog toy dispenser,151,302,2000,8,438,0,0,1,-,-,243
anxiety control 24,132,110,833,8,149,0,0,1,-,-,245
anxiety devices,137,137,1000,8,166,0,0,1,-,-,241
anxiety app,-,-,1000,-,56,0,0,1,-,-,135
camera bag 2 cameras,20,180,9000,8,257,0,0,1,-,-,83
elbow support night time,463,76,164,8,92,0,0,1,-,-,88
dog canera to phone app,219,202,924,8,132,0,0,1,-,-,103
animal video camera,67,133,2000,8,174,0,0,1,-,-,281
animal video monitor,81,81,1000,8,168,0,0,1,-,-,100
cat toys cube,-,-,1000,-,134,0,0,1,-,-,181
cat toy insert,217,217,1000,8,247,0,0,1,-,-,282
cat toy lazer pointer,399,125,313,8,141,0,0,1,-,-,295
cat toy treat dispenser,101,53,527,8,135,0,0,1,-,-,169
dog treats small bites,9,72,8000,8,263,0,0,1,-,-,285
hd camera,85,2552,30000,88,686,1,0,0,13,-,-
camera strap dog,67,45,669,8,235,0,0,1,-,-,124
bark control good life,54,54,1000,8,152,0,0,1,-,-,246
robot dog with watch,-,-,537,-,167,0,0,1,-,-,96
robots with camera,19,57,3000,8,206,0,0,1,-,-,235
robot that talks,166,166,1000,8,199,0,0,1,-,-,201
robot dog or cat,63,63,1000,8,184,0,0,1,-,-,199
robot dog voice,246,74,301,8,163,0,0,1,-,-,262
long distance laser tag,-,-,259,-,97,0,0,1,-,-,135
dog toys cube,21,63,3000,8,215,0,0,1,-,-,204
pet cam monitor,139,139,1000,8,221,0,0,1,-,-,161
dog 2,1,226,200000,8,123,0,0,1,-,-,27
pet camera,16689,16689,1000,288,444,1,0,1,4,-,42
pet camera monitor,70,209,3000,8,413,0,0,1,-,-,210
pet cameras for home,120,361,3000,8,477,0,0,1,-,-,208
pet camera with video chat,-,-,192,-,217,0,0,1,-,-,36
pet camera with audio,747,747,1000,16,423,1,0,1,46,-,172
pet camera monitor with audio,-,-,1000,-,224,0,0,1,-,-,272
pet cam with app,-,-,1000,-,193,0,0,1,-,-,60
pet cam wifi,119,119,1000,8,217,0,0,1,-,-,82
dog 2 way camera,-,-,610,-,276,1,0,1,665,-,24
pet cam 1080p,-,-,1000,-,220,0,0,1,-,-,243
pet cam 2 way audio,-,-,1000,-,228,0,0,1,-,-,61
pet cam audio,-,-,1000,-,210,0,0,1,-,-,116
pet cam ball,-,-,447,-,169,0,0,1,-,-,222
pet cam feeder,-,-,166,-,127,0,0,1,-,-,64
dog treat dispenser toy,363,358,985,8,322,0,0,1,-,-,202
pet treats cats,-,-,4000,-,179,0,0,1,-,-,271
pet bluetooth speakers,186,186,1000,8,159,0,0,1,-,-,222
throw away cameras,123,123,1000,8,111,0,0,1,-,-,149
dog ball camera,93,93,1000,8,114,0,0,1,-,-,17
dog ball shooter automatic,311,41,132,8,74,0,0,1,-,-,81
dog ball thrower automatic,994,155,156,8,109,0,0,1,-,-,93
dogs ball thrower,66,50,754,8,129,0,0,1,-,-,263
iphone 7 end scene,-,-,345,-,186,0,0,1,-,-,69
cat bed end table,82,82,1000,8,144,0,0,1,-,-,242
video cats,9,180,20000,8,68,0,0,1,-,-,33
pet bed table,40,160,4000,8,159,0,0,1,-,-,281
lizard cam camera,158,158,1000,8,176,0,0,1,-,-,233
robot watch dog,-,-,2000,-,126,0,0,1,-,-,238
night vision,2899,28985,10000,592,411,1,0,0,5,-,-
night vision camera,597,5966,10000,168,636,1,0,0,9,-,-
night vision toy,59,176,3000,8,124,0,0,1,-,-,267
night vision video camera,46,461,10000,16,0,1,0,0,45,-,-
automatic dog feeder with camera,244,151,620,8,200,0,0,1,-,-,257
bark control unit,-,-,873,-,159,0,0,1,-,-,223
bag it app,-,-,4000,-,71,0,0,1,-,-,186
cat toy app,64,64,1000,8,144,0,0,1,-,-,254
cat toy cube,133,133,1000,8,182,0,0,1,-,-,139
cat toy dispenser,158,158,1000,8,138,0,0,1,-,-,217
camera monitor,363,3626,10000,112,501,1,0,0,11,-,-
hd night vision,18,181,10000,8,383,1,0,0,118,-,-
hd vision,75,747,10000,24,436,1,0,0,69,-,-
hd video camera,723,1445,2000,32,689,1,0,0,18,-,-
hd monitor,3236,3236,1000,72,593,1,0,0,12,-,-
animals home alone,13,39,3000,8,200,0,0,1,-,-,89
dog toy iphone,22,44,2000,8,136,0,0,1,-,-,227
dog toy camera,11,44,4000,8,136,0,0,1,-,-,51
dog toy cell phone,97,194,2000,8,134,0,0,1,-,-,302
dog toy cube,137,274,2000,8,151,0,0,1,-,-,216
dog toy fling,-,-,411,-,153,0,0,1,-,-,211
dog toy phone,27,80,3000,8,147,0,0,1,-,-,73
dog toy video,-,-,5000,-,221,0,0,1,-,-,102
bluetooth automatic cat feeder,-,-,224,-,136,0,0,1,-,-,304
life in motion bag,-,-,2000,-,145,0,0,1,-,-,162
ultimate direction amp,20,61,3000,8,93,0,0,1,-,-,146
dog toys snack dispenser,-,-,756,-,119,0,0,1,-,-,223
matte separation,213,175,822,8,86,0,0,1,-,-,202
smart watch plays music,60,119,2000,8,217,0,0,1,-,-,282
cameras new,1,22,100000,8,202,0,0,1,-,-,284
cameras with wifi built in,23,180,8000,8,193,0,0,1,-,-,227
dog cameras,305,1219,4000,24,421,0,0,1,-,-,37
pet cube accessories,10,41,4000,8,155,0,0,1,-,-,11
petcube mount,3046,265,87,8,12,0,0,1,-,-,8
petcube rose gold,3583,43,12,8,13,0,0,1,-,-,2
petcube stand,3719,119,32,8,21,0,0,1,-,-,9
pet camera 1080p,126,126,1000,8,383,1,0,1,98,-,225
pet camera 2 way audio,76,76,1000,8,317,1,0,1,110,-,115
pet camera 5ghz,245,154,629,8,288,0,0,1,-,-,128
pet camera ball,-,-,716,-,138,0,0,1,-,-,10
pet camera feeder,295,169,572,8,183,1,0,1,597,-,59
pet camera iphone,79,79,1000,8,280,0,0,1,-,-,144
pet camera night vision,59,59,1000,8,359,1,0,1,113,-,134
pet camera recording,-,-,2000,-,186,0,0,1,-,-,115
pet cube laser,243,98,404,8,206,1,0,1,440,-,2
pet cube play,17714,372,21,8,0,1,0,0,441,-,-
petchatz camera,308,33,107,8,58,0,0,1,-,-,17
petchatz hd,6024,247,41,8,20,0,0,1,-,-,12
petchatz pawcall,1878,216,115,8,39,0,0,1,-,-,19
puppy camera monitor,51,51,1000,8,283,0,0,1,-,-,293
puppy camera treat dispenser,413,57,138,8,123,1,0,1,666,-,22
puppy camera with app,176,176,1000,8,249,0,0,1,-,-,105
smart camera with 2 way audio,-,-,2000,-,179,0,0,1,-,-,241
dog toys camera,-,-,2000,-,156,0,0,1,-,-,49
dog toys that dispense treats,243,102,420,8,198,0,0,1,-,-,95
dog treats medium,3,88,30000,8,140,0,0,1,-,-,225
anxiety device,446,446,1000,8,353,0,0,1,-,-,240
pet food dispenser,3126,3126,1000,72,342,1,0,0,361,-,-
dog harness phone,102,102,1000,8,206,0,0,1,-,-,173
better view,4,125,30000,8,0,0,0,1,-,-,217
cats in cubes,7,36,5000,8,253,0,0,1,-,-,84
iphones that are free,6,129,20000,8,154,0,0,1,-,-,181
dog anxiety treats,675,1349,2000,32,286,0,0,1,-,-,231
cat anxiety,960,1919,2000,40,265,0,0,1,-,-,275
tape despensers,20,40,2000,8,121,0,0,1,-,-,301
cat toys treat dispenser,47,35,741,8,189,0,0,1,-,-,116
cat play,286,1432,5000,32,423,1,0,0,338,-,-
hands free laser for cats,327,35,107,8,71,0,0,1,-,-,10
dog separation anxiety toys,527,225,427,8,289,0,0,1,-,-,196
doggy treat dispenser,30,89,3000,8,131,1,0,1,642,-,37
dog treat dispencer toy,-,-,326,-,117,0,0,1,-,-,88
dog treat cube,117,117,1000,8,141,0,0,1,-,-,9
dog treat dispenser toy interactive,206,85,413,8,280,0,0,1,-,-,299
dog treat rug,91,47,516,8,246,0,0,1,-,-,163
dog treat sack,48,48,1000,8,143,0,0,1,-,-,147
dog treat shooter,917,111,121,8,61,1,0,1,382,-,26
dog treat thrower,375,201,536,8,74,1,0,1,637,-,56
dog treat toy dispenser,72,72,1000,8,221,0,0,1,-,-,242
dog treat tossing,110,46,417,8,135,0,0,1,-,-,38
dog treat webcam,281,66,235,8,87,0,0,1,-,-,17
petsafe treat pouch sport,537,58,108,8,6,0,0,1,-,-,35
nest tag security,188,120,639,8,133,0,0,1,-,-,91
amazon music for iphone 7 app,157,143,912,8,3,0,0,1,-,-,203
laser pointers that burn,339,87,257,8,72,0,0,1,-,-,126
iphone laser pointer,1302,151,116,8,30,0,0,1,-,-,82
full hd camera,4,76,20000,8,120,1,0,0,90,-,-
camera tape dispenser,474,203,428,8,72,0,0,1,-,-,12
pet training alarm,185,110,596,8,84,0,0,1,-,-,218
pet toy laser,119,119,1000,8,222,0,0,1,-,-,253
dog treats anxiety,181,361,2000,8,317,0,0,1,-,-,236
puzzle cube dogs,-,-,3000,-,77,0,0,1,-,-,24
puzzle cube for dogs,-,-,1000,-,204,0,0,1,-,-,26
new angle dog toy,158,96,609,8,84,0,0,1,-,-,113
dog activity toys,1581,1432,906,32,416,1,0,0,383,-,-
turn tables with built in speakers,-,-,1000,-,84,0,0,1,-,-,249
viofo a119,13196,673,51,16,0,1,0,0,407,-,-
dog snack dispenser,193,385,2000,8,68,0,0,1,-,-,61
video camera monitor,35,69,2000,8,353,1,0,0,64,-,-
ultimate direction access,-,-,285,-,27,0,0,1,-,-,45
ultimate direction fast pack,20,39,2000,8,29,0,0,1,-,-,282
view camera,78,312,4000,8,444,1,0,0,81,-,-
two way pet camera,268,268,1000,8,363,0,0,1,-,-,147
camera with video,5,246,50000,8,536,1,0,0,67,-,-
pet treat feeder,21,41,2000,8,0,1,0,0,650,-,-
pet treat launcher,408,106,260,8,279,1,0,1,326,-,13
train treat,41,81,2000,8,0,1,0,0,460,-,-
wellness dog treats crunchy,81,79,979,8,0,1,0,0,496,-,-
video camera,2634,52688,20000,824,734,1,0,0,3,-,-
cat laser pointer,20160,11088,550,200,271,0,0,1,-,-,259
after bite,928,9282,10000,232,229,0,0,1,-,-,253
puppy cameras,93,186,2000,8,342,0,0,1,-,-,113
dog treat machine with camera,1275,153,120,8,0,1,0,0,376,-,-
dog treat feeder with camera,-,-,375,-,0,1,0,0,356,-,-
dog cube toy,38,114,3000,8,340,0,0,1,-,-,288
laser pet toy,363,331,911,8,246,0,0,1,-,-,210
size 2,1,401,300000,16,398,0,0,1,-,-,269
pet cameras with laser,415,137,330,8,96,0,0,1,-,-,26
petzi pet cam,23000,69,3,8,0,1,0,0,613,-,-
wifi pet camera,338,675,2000,16,477,0,0,1,-,-,31
indoor pet camera,1432,1432,1000,32,411,0,0,1,-,-,211
pet camera two way audio and video,12910,9037,700,176,416,0,0,1,-,-,111
flexy paw camera dog treat holder,2681,244,91,8,22,0,0,1,-,-,2
automatic dog treat dispenser,907,272,300,8,286,1,0,1,304,-,18
remote dog treat dispenser,277,96,346,8,0,1,0,0,308,-,-
mipc camera,8627,1432,166,32,249,0,0,1,-,-,57
dog feeding robot,-,-,359,-,227,0,0,1,-,-,226
pet chats treats,-,-,103,-,84,0,0,1,-,-,19
hd night vision camera,31,276,9000,8,0,1,0,0,87,-,-
full hd monitor,810,810,1000,16,562,1,0,0,34,-,-
turbo dog treat,-,-,156,-,0,1,0,0,623,-,-
pet camera dog,-,-,3000,-,0,1,0,0,56,-,-
dog toy treat dispenser ball,-,-,1000,-,189,0,0,1,-,-,242
dog toy treats dispenser,-,-,1000,-,214,0,0,1,-,-,265
camera to watch dog,472,472,1000,8,84,0,0,1,-,-,177
dog camera for home,32,127,4000,8,120,0,0,1,-,-,90
pet snack camera,-,-,234,-,0,1,0,0,599,-,-
play visions inc,378,378,1000,8,65,0,0,1,-,-,84
audio animal speaker,-,-,1000,-,275,0,0,1,-,-,207
automatic dog ball thrower,6385,747,117,16,155,0,0,1,-,-,258
ball tosser for dogs,2293,470,205,8,262,0,0,1,-,-,172
pet monitor camera with two way audio,141,83,587,8,390,0,0,1,-,-,225
wifi pet treat dispenser,1131,267,236,8,151,1,0,1,448,-,7
cat laser pointer automatic toy,847,311,367,8,209,0,0,1,-,-,217
cat laser pointer automatic,557,103,185,8,125,0,0,1,-,-,170
cat treat ball,1432,1432,1000,32,310,1,0,0,362,-,-
kamtron wireless security camera,14717,1663,113,40,184,0,0,1,-,-,66
2 dogs,3,251,100000,8,84,0,0,1,-,-,102
wireless pet camera,470,470,1000,8,425,0,0,1,-,-,162
petzi pet camera,-,-,9,-,0,1,0,0,473,-,-
1080p monitor,5990,5990,1000,128,585,1,0,0,7,-,-
trixie pet products dog,214,214,1000,8,135,0,0,1,-,-,189
cat treat ball dispenser,820,338,412,8,289,0,0,1,-,-,107
night view,13,258,20000,8,0,1,0,0,204,-,-
hd 1080p,8,239,30000,8,72,1,0,0,75,-,-
dog video chat,440,205,466,8,58,0,0,1,-,-,28
pet video chat,973,287,295,8,25,0,0,1,-,-,20
video monitor,298,5954,20000,168,389,1,0,0,8,-,-
real dogs,14,1352,100000,48,438,0,0,1,-,-,175
send pictures,5,338,70000,8,259,0,0,1,-,-,194
per zoom,-,-,4000,-,61,0,0,1,-,-,233
room camera,962,1923,2000,40,571,1,0,0,16,-,-
room monitor,27,810,30000,24,0,1,0,0,63,-,-
room video monitor,34,310,9000,8,84,1,0,0,241,-,-
question cubes,76,228,3000,8,74,0,0,1,-,-,275
audio monitor,2307,1661,720,40,408,1,0,0,20,-,-
audio pet,104,101,968,8,241,1,0,0,127,-,-
ask questions devices,146,291,2000,8,0,0,0,1,-,-,270
period cube,55,221,4000,8,101,0,0,1,-,-,116
sound vision,6,407,70000,16,114,1,0,0,210,-,-
feed and go automatic pet feeder,1503,475,316,8,84,0,0,1,-,-,259
assistance dog,41,205,5000,8,66,0,0,1,-,-,215
answers pet food,208,153,735,8,72,0,0,1,-,-,252
creative xp,886,886,1000,16,54,1,0,0,380,-,-
hear doggy,1614,1349,836,32,130,0,0,1,-,-,208
pet laser pointer,3532,1607,455,40,252,0,0,1,-,-,229
pet video camera,81,243,3000,8,454,1,0,1,53,-,119
motion camera,193,1926,10000,56,524,1,0,0,17,-,-
motion night,3,77,30000,8,0,1,0,0,139,-,-
motion video camera,13,127,10000,8,0,1,0,0,213,-,-
fi audio,5,406,90000,16,84,1,0,0,205,-,-
movement and sound monitor,61,303,5000,8,114,0,0,1,-,-,241
wi camera,80,319,4000,8,103,1,0,0,197,-,-
zoom o,64,445,7000,16,29,0,0,1,-,-,283
how to speak dog,609,506,831,8,166,0,0,1,-,-,252
manner minder,69,276,4000,8,300,0,0,1,-,-,24
pets home alone,58,173,3000,8,239,0,0,1,-,-,209
array microphone,311,311,1000,8,272,0,0,1,-,-,195
catch interactive cat feeder,259,166,640,8,76,0,0,1,-,-,191
treat and train,1028,509,495,8,242,0,0,1,-,-,45
treat dispensing cat toy,508,214,421,8,323,0,0,1,-,-,225
treat feeder,90,179,2000,8,0,1,0,0,658,-,-
treat launcher,908,157,173,8,0,1,0,0,374,-,-
treat n train,40,79,2000,8,0,1,0,0,493,-,-
treat puzzle,104,104,1000,8,0,1,0,0,379,-,-
cat treat toy,1620,3239,2000,72,441,1,0,0,332,-,-
dragon touch,1210,3629,3000,80,359,1,0,0,401,-,-
lazer pointer for cat,907,429,473,8,232,0,0,1,-,-,252
laser pointer for dogs,5769,2550,442,56,288,0,0,1,-,-,155
separation room,173,346,2000,8,140,0,0,1,-,-,294
dog camera,20332,20332,1000,344,429,1,0,1,6,-,45
cube camera,5764,1464,254,32,540,0,0,1,-,-,15
bite away,255,2552,10000,80,143,0,0,1,-,-,94
bite alert,355,215,605,8,0,1,0,0,183,-,-
sensation dog harness small,1126,152,135,8,360,0,0,1,-,-,251
sensation harness medium large,203,203,1000,8,68,0,0,1,-,-,249
lasers for dogs,52,209,4000,8,130,0,0,1,-,-,94
rocking treat dispenser dog toy,711,128,180,8,173,0,0,1,-,-,58
fetch and treat,111,221,2000,8,339,0,0,1,-,-,213
fetch pet products,72,216,3000,8,189,0,0,1,-,-,139
manners minder,1581,49,31,8,11,1,0,1,487,-,9
manners minder for dogs,4148,336,81,8,51,0,0,1,-,-,12
email notifications settings,356,297,835,8,30,0,0,1,-,-,223
see and say animal sounds,82,163,2000,8,68,0,0,1,-,-,241
room monitor audio,-,-,7000,-,0,1,0,0,97,-,-
feed and go smart pet feeder,568,92,162,8,129,0,0,1,-,-,182
feed and go smart feeder,-,-,371,-,77,0,0,1,-,-,264
pet laser pointer dog,1316,416,316,8,125,0,0,1,-,-,156
pet laser pointer toy,40,31,769,8,148,0,0,1,-,-,240
wifi pet monitor,189,189,1000,8,329,0,0,1,-,-,177
petcam wifi video pet monitor,1933,315,163,8,0,1,0,0,337,-,-
pet monitor wifi,107,214,2000,8,344,0,0,1,-,-,166
zoom ball toy,517,263,509,8,24,0,0,1,-,-,226
cat treat dispenser,2038,1657,813,40,289,1,0,1,44,-,110
treat dispenser toy,749,749,1000,16,356,0,0,1,-,-,167
cat treat puzzle,2380,1442,606,32,352,1,0,0,369,-,-
cat treat toy dispenser,389,234,602,8,84,0,0,1,-,-,148
order notification settings,187,187,1000,8,6,0,0,1,-,-,159
ai robot pet,356,78,219,8,84,0,0,1,-,-,103
laser pointer dog,1270,466,367,8,72,0,0,1,-,-,113
pet cams wireless with cell phone app,371,249,671,8,178,0,0,1,-,-,242
wi fi camera,24,236,10000,8,519,1,0,0,71,-,-
camera fi,37,186,5000,8,158,1,0,0,280,-,-
nest dog camera,255,237,931,8,355,0,0,1,-,-,67
dog camera monitor,74,221,3000,8,350,0,0,1,-,-,134
dog camera with speaker,89,178,2000,8,76,0,0,1,-,-,77
paw camera dog treat,-,-,173,-,72,0,0,1,-,-,11
video camera that connects to phone,10,51,5000,8,114,0,0,1,-,-,266
cat videos for cats to watch,88,353,4000,8,58,0,0,1,-,-,198
toy dispensing machine,-,-,254,-,197,0,0,1,-,-,179
cat treat dispenser toy,4013,2552,636,56,283,1,0,1,309,-,177
dog feeder camera,85,59,692,8,239,1,0,1,394,-,153
dog feeder with camera,109,76,700,8,216,1,0,1,358,-,76
doggie cam,3462,810,234,16,274,1,0,1,375,-,77
doggie video camera,86,35,407,8,351,0,0,1,-,-,75
pup device,19,56,3000,8,265,0,0,1,-,-,143
brite bites,454,454,1000,8,206,0,0,1,-,-,149
dog play,22,446,20000,16,405,0,0,1,-,-,278
yorkie watch,203,203,1000,8,74,0,0,1,-,-,175
1080p camera,193,1926,10000,56,676,1,0,0,14,-,-
1080p night vision camera,7,53,8000,8,101,1,0,0,272,-,-
1080p video camera,658,381,579,8,665,1,0,0,38,-,-
dog robot camera,-,-,1000,-,93,0,0,1,-,-,24
full hd video,5,317,60000,8,0,1,0,0,155,-,-
cat feeder app,123,38,310,8,77,0,0,1,-,-,275
pet robot dog,43,86,2000,8,295,0,0,1,-,-,225
dog treat video dispenser,344,134,390,8,0,1,0,0,125,-,-
anxiety dogs treats,90,179,2000,8,300,0,0,1,-,-,280
nanny cam animal,186,113,607,8,117,0,0,1,-,-,164
nanny cam for dogs,127,89,701,8,238,0,0,1,-,-,128
night time inserts,47,93,2000,8,216,0,0,1,-,-,213
pet treat box,7,72,10000,8,274,0,0,1,-,-,65
pet treat cam,127,107,843,8,125,0,0,1,-,-,15
pet treat robot,-,-,378,-,0,1,0,0,651,-,-
pet treat tosser,528,132,250,8,0,1,0,0,604,-,-
the cube dog toy,92,275,3000,8,358,0,0,1,-,-,214
pet camera food,185,147,793,8,145,0,0,1,-,-,27
pet camera for iphone,142,142,1000,8,340,0,0,1,-,-,134
pet camera hd,164,164,1000,8,96,0,0,1,-,-,214
pet camera interactive,200,55,275,8,190,0,0,1,-,-,26
pet camera with app,92,184,2000,8,341,0,0,1,-,-,91
pet camera with screen,-,-,3000,-,288,0,0,1,-,-,90
pet camera wireless,235,235,1000,8,407,1,0,0,389,-,-
dog camera interactive,-,-,873,-,60,0,0,1,-,-,25
dog camera iphone,18,36,2000,8,239,0,0,1,-,-,133
dog camera toy,244,244,1000,8,238,0,0,1,-,-,24
dog camera with app,107,107,1000,8,280,0,0,1,-,-,145
dog camera with audio,351,351,1000,8,0,1,0,0,150,-,-
electronic dog treat dispenser,496,190,383,8,0,1,0,0,643,-,-
dog treat giver,2057,288,140,8,0,1,0,0,519,-,-
dog treat release,29,86,3000,8,263,0,0,1,-,-,226
pet camera audio,223,223,1000,8,0,1,0,0,189,-,-
pet camera play,-,-,3000,-,238,0,0,1,-,-,15
pet camera set,240,479,2000,8,108,0,0,1,-,-,95
pet camera with speaker,-,-,1000,-,254,0,0,1,-,-,87
night vision motion camera,14,129,9000,8,96,1,0,0,251,-,-
night vision video,10,97,10000,8,0,1,0,0,276,-,-
doggie cam with app,506,355,702,8,108,0,0,1,-,-,256
doggie camera and treat dispenser,2590,347,134,8,24,0,0,1,-,-,18
doggy treat camera,-,-,216,-,0,1,0,0,526,-,-
wifi camera dog,128,256,2000,8,120,0,0,1,-,-,21
crunchy lifestyle,94,74,790,8,48,0,0,1,-,-,93
amazon email notification settings,-,-,414,-,36,0,0,1,-,-,114
full hd video camera,7,140,20000,8,114,1,0,0,233,-,-
automatic pet feeder with camera,1817,209,115,8,84,1,0,0,351,-,-
automatic cat feeder with camera,4783,507,106,8,0,1,0,0,373,-,-
video camera with night vision,25,148,6000,8,476,1,0,0,129,-,-
add on pets,1,97,100000,8,72,0,0,1,-,-,59
nest camera monitor,459,405,883,8,120,0,0,1,-,-,301
nest cam baby monitor,640,276,431,8,375,0,0,1,-,-,216
connect 4 ball toss,-,-,430,-,19,0,0,1,-,-,130
cat treat machine,-,-,2000,-,0,1,0,0,631,-,-
cat laser automatic,327,144,441,8,163,0,0,1,-,-,203
cat laser wifi,826,142,172,8,0,1,0,0,435,-,-
hd 1080p monitor,34,340,10000,8,0,1,0,0,284,-,-
motion camera with night vision,5,35,7000,8,0,1,0,0,42,-,-
pet monitor with camera,114,341,3000,8,102,0,0,1,-,-,141
dry box for camera,278,278,1000,8,76,0,0,1,-,-,279
2 camera video monitor,26,129,5000,8,294,0,0,1,-,-,139
separation anxiety dog toys,286,286,1000,8,255,0,0,1,-,-,262
separation anxiety toys for dogs,512,257,502,8,330,0,0,1,-,-,302
dog camera feeder,222,86,388,8,189,0,0,1,-,-,48
dog camera system,-,-,3000,-,319,0,0,1,-,-,204
clever dog products,64,128,2000,8,358,0,0,1,-,-,164
the toy network,35,245,7000,8,46,0,0,1,-,-,245
live well inc,-,-,2000,-,333,0,0,1,-,-,255
cat dispenser,257,257,1000,8,72,1,0,0,184,-,-
pet laser,140,559,4000,16,190,0,0,1,-,-,193
fido camera,2143,75,35,8,0,1,0,0,537,-,-
facetime download,768,195,254,8,0,0,0,1,-,-,102
speaker pets,116,231,2000,8,256,0,0,1,-,-,136
2020 vision,10,98,10000,8,193,1,0,0,86,-,-
motorola hubble camera,4150,166,40,8,0,1,0,0,355,-,-
lazer cat toy,1572,426,271,8,79,0,0,1,-,-,239
lazer for cats,21075,6744,320,136,251,0,0,1,-,-,237
lazer pointer for dogs,1127,444,394,8,223,0,0,1,-,-,154
vision camera,25,495,20000,16,114,1,0,0,72,-,-
quado interactive dog treat,2007,301,150,8,48,0,0,1,-,-,61
dog heart rate monitor,590,174,295,8,253,0,0,1,-,-,29
petzi cam,10824,184,17,8,0,1,0,0,610,-,-
kata camera bag,833,395,474,8,102,0,0,1,-,-,132
remote pet feeder camera,-,-,26,-,0,1,0,0,618,-,-
furbo camera,9829,747,76,16,0,1,0,0,370,-,-
furbo cam,-,-,261,-,0,1,0,0,485,-,-
furbo cat,609,143,235,8,0,1,0,0,324,-,-
furbo dog treat dispenser,-,-,-,-,0,1,0,0,569,-,-
furbo treat camera,-,-,92,-,0,1,0,0,557,-,-
furbo treat dispenser,-,-,96,-,0,1,0,0,572,-,-
alexia camera,159,134,843,8,433,0,0,1,-,-,300
alexia cara,1299,313,241,8,0,0,0,1,-,-,69
alexia music,110,438,4000,8,11,0,0,1,-,-,271
little bites,4322,4322,1000,96,318,0,0,1,-,-,73
conico wireless camera,18592,1915,103,40,210,0,0,1,-,-,41
monitor with camera,3825,1928,504,40,495,1,0,0,22,-,-
alert device,21,414,20000,16,84,0,0,1,-,-,281
belkin camera,26800,268,10,8,0,1,0,0,404,-,-
dog cam treat dispenser,1091,24,22,8,0,1,0,0,507,-,-
dog cam treat,39,32,818,8,196,0,0,1,-,-,16
dog cam with treats,7350,147,20,8,0,1,0,0,509,-,-
cat eye camera,32,160,5000,8,182,0,0,1,-,-,189
hd video,2,163,90000,8,236,1,0,0,111,-,-
monitor with sound,325,118,363,8,0,1,0,0,162,-,-
petsy cam,10,97,10000,8,0,1,0,0,609,-,-
trixie pet cat,263,208,790,8,193,0,0,1,-,-,213
interactive pet camera,287,73,254,8,297,1,0,1,321,-,29
c922 pro,3576,658,184,16,112,1,0,0,377,-,-
cani bits for dogs,8,167,20000,8,278,0,0,1,-,-,241
motion video,3,150,60000,8,0,1,0,0,152,-,-
camera with audio,57,341,6000,8,572,1,0,0,47,-,-
camera with night vision,169,507,3000,8,120,1,0,0,40,-,-
treat dispenser dog toys,432,432,1000,8,318,0,0,1,-,-,295
treat dispenser large,49,97,2000,8,287,0,0,1,-,-,77
pet chatz camera,1806,121,67,8,63,1,0,1,348,-,14
dog phone,237,237,1000,8,120,1,0,1,353,-,33
ai ball,276,276,1000,8,72,0,0,1,-,-,282
audio video,1,139,100000,8,0,1,0,0,177,-,-
pets eye view,-,-,1000,-,211,0,0,1,-,-,52
trixie puzzle,523,174,333,8,246,0,0,1,-,-,204
cube laser,41,163,4000,8,76,0,0,1,-,-,94
petzi camera,8643,121,14,8,0,1,0,0,611,-,-
furbo treat tossing,-,-,100,-,0,1,0,0,573,-,-
wi fi video,1,119,80000,8,0,1,0,0,131,-,-
timed dog treat dispenser,380,154,405,8,78,0,0,1,-,-,93
dog food dispenser puzzle,-,-,2000,-,247,0,0,1,-,-,256
with 2,1,29,500000,8,182,1,0,0,52,-,-
sound audio,2,356,200000,16,0,1,0,0,257,-,-
dog treat holder for cell phone,-,-,479,-,84,0,0,1,-,-,62
dog treat dispenser large,-,-,4000,-,72,0,0,1,-,-,31
pawbo camera,439,50,114,8,29,0,0,1,-,-,83
remote control dog treat dispenser,333,153,460,8,0,1,0,0,491,-,-
puppy monitor wifi camera,223,132,591,8,108,0,0,1,-,-,97
watch dogs 2 figure,56,223,4000,8,83,0,0,1,-,-,53
pet feeder automatic camera,-,-,264,-,183,0,0,1,-,-,200
the best dog treats,7,212,30000,8,362,0,0,1,-,-,151
wifi pet camera with audio,171,171,1000,8,96,0,0,1,-,-,177
hd video monitor,26,256,10000,8,120,1,0,0,285,-,-
automatic cat laser pointer toy,432,162,375,8,150,0,0,1,-,-,290
room alert,62,249,4000,8,135,1,0,1,190,-,284
camera dog monitor,164,328,2000,8,108,0,0,1,-,-,295
camera room monitor,23,135,6000,8,0,1,0,0,221,-,-
dogs dispenser,4,43,10000,8,84,0,0,1,-,-,247
puppy separation anxiety,154,154,1000,8,216,0,0,1,-,-,228
puppy video monitor,532,258,485,8,64,0,0,1,-,-,169
new view,2,92,60000,8,0,1,0,0,229,-,-
new room,2,207,100000,8,0,1,0,0,134,-,-
new camera,12,115,10000,8,142,1,0,0,149,-,-
big bite,9,561,60000,16,24,0,0,1,-,-,46
cat cube,7905,4324,547,96,292,0,0,1,-,-,94
cat end table,223,93,417,8,270,0,0,1,-,-,205
cat cubes for large cats,171,153,896,8,127,0,0,1,-,-,149
cat room,6,238,40000,8,0,1,0,0,105,-,-
catch as cat can,51,154,3000,8,216,0,0,1,-,-,106
ever pet dog treats,36,142,4000,8,72,0,0,1,-,-,221
range feeder,112,223,2000,8,291,0,0,1,-,-,137
hd audio,2,213,100000,8,0,1,0,0,200,-,-
hd pet camera,10,20,2000,8,87,0,0,1,-,-,304
treat pack,1,136,100000,8,335,0,0,1,-,-,85
ultimate bark control,1207,257,213,8,110,0,0,1,-,-,117
treat table,27,273,10000,8,60,0,0,1,-,-,238
treat thrower,707,135,191,8,0,1,0,0,660,-,-
raw bite,27,134,5000,8,292,0,0,1,-,-,140
pets camera,114,341,3000,8,409,0,0,1,-,-,137
treat tossing,96,67,696,8,35,1,0,1,662,-,142
2 way audio camera,33,165,5000,8,0,1,0,0,73,-,-
connect dog,-,-,10000,-,84,0,0,1,-,-,186
get more smart home skills,178,81,455,8,35,0,0,1,-,-,119
customer live chat,268,268,1000,8,2,0,0,1,-,-,160
wifi giver,-,-,170,-,84,0,0,1,-,-,17
motion alert,20,79,4000,8,0,1,0,0,66,-,-
wifi treat dispenser,712,208,292,8,0,1,0,0,314,-,-
wifi pet feeder,879,471,536,8,237,1,0,0,359,-,-
motion lazer,-,-,1000,-,63,0,0,1,-,-,183
better bites,462,1846,4000,40,175,0,0,1,-,-,121
better camera quality,101,404,4000,8,151,0,0,1,-,-,301
fur camera,2,47,20000,8,0,1,0,0,544,-,-
video night,3,281,100000,8,60,1,0,0,287,-,-
video dog treat dispenser,775,155,200,8,146,1,0,1,413,-,9
video dog monitor 2 way,-,-,1000,-,0,1,0,0,667,-,-
turbo sound speakers,474,325,686,8,65,0,0,1,-,-,118
kitty tail plug,144,288,2000,8,64,0,0,1,-,-,34
pup tables,63,188,3000,8,84,0,0,1,-,-,212
fake door camera,418,163,390,8,285,0,0,1,-,-,105
wellness crunchy dog treats,219,219,1000,8,61,0,0,1,-,-,90
doggie collar camera,-,-,304,-,78,0,0,1,-,-,36
bite bite,-,-,100000,-,196,0,0,1,-,-,242
bite ball,8,80,10000,8,251,0,0,1,-,-,257
lazer toy for dogs,-,-,358,-,70,0,0,1,-,-,223
lazer camera,-,-,1000,-,72,0,0,1,-,-,229
nanny schedule,-,-,297,-,87,0,0,1,-,-,53
cam dog,21,211,10000,8,74,0,0,1,-,-,64
1080p full hd,13,396,30000,16,120,1,0,0,89,-,-
1080p video,2,85,40000,8,0,1,0,0,115,-,-
2 thin,1,179,200000,8,142,0,0,1,-,-,107
automated dog treat dispenser,21000,42,2,8,0,1,0,0,629,-,-
training laser pointer,-,-,554,-,69,0,0,1,-,-,215
lucy drawing tool,8874,1269,143,32,255,1,0,0,390,-,-
new dog,2,144,70000,8,84,1,0,0,68,-,-
room with view,3,174,50000,8,25,1,0,0,24,-,-
dog laser pointer,622,273,439,8,111,0,0,1,-,-,256
dog laser toy,126,126,1000,8,238,0,0,1,-,-,211
dog laser therapy,1261,222,176,8,259,0,0,1,-,-,43
recently view,49,294,6000,8,0,0,0,1,-,-,176
dog home alone,39,234,6000,8,146,0,0,1,-,-,235
dog gadgets,964,1928,2000,40,452,1,0,0,319,-,-
dog busy toys,119,119,1000,8,307,1,0,0,385,-,-
dog technology,239,477,2000,8,309,1,0,0,344,-,-
food cube for dogs,107,213,2000,8,84,0,0,1,-,-,64
icpooch wifi treat dispenser,1611,182,113,8,28,1,0,1,596,-,14
smart cat,316,316,1000,8,388,0,0,1,-,-,198
puppy activity home,-,-,2000,-,239,0,0,1,-,-,78
puppy cam,7593,1921,253,40,424,1,0,1,327,-,155
puppy cube,72043,1657,23,40,73,0,0,1,-,-,264
camera to watch pets,124,124,1000,8,248,0,0,1,-,-,172
camera cube bag,645,391,606,8,108,0,0,1,-,-,82
best nest go dog,64,128,2000,8,138,0,0,1,-,-,266
dog camera with bark alert,-,-,4,-,0,1,0,0,405,-,-
doggie treat dispenser,132,101,764,8,0,1,0,0,641,-,-
mini pig toys,170,509,3000,8,0,1,0,0,392,-,-
pet dry room,43,129,3000,8,172,0,0,1,-,-,102
paw control bed set,174,347,2000,8,448,0,0,1,-,-,84
compact laser pointer,91,181,2000,8,45,0,0,1,-,-,140
dog video camera with treat dispenser,459,73,159,8,176,0,0,1,-,-,5
cat and dog pictures,14,137,10000,8,362,0,0,1,-,-,230
fido app,1758,313,178,8,38,0,0,1,-,-,28
dog night,2,119,50000,8,66,1,0,0,199,-,-
dog webcam,723,230,318,8,96,1,0,0,387,-,-
dog webcam treat dispenser,925,111,120,8,36,1,0,1,523,-,21
dog music box,180,360,2000,8,72,0,0,1,-,-,204
dog security camera,484,484,1000,8,464,0,0,1,-,-,47
dog video monitor,243,243,1000,8,325,1,0,1,104,-,104
dog vision,51,205,4000,8,0,1,0,0,157,-,-
pet home alone,53,263,5000,8,261,0,0,1,-,-,258
pet monitoring camera,140,140,1000,8,324,0,0,1,-,-,51
pet silver,17,170,10000,8,353,0,0,1,-,-,182
pet webcam,756,204,270,8,369,0,0,1,-,-,174
pet video,31,219,7000,8,0,1,0,0,238,-,-
pet vision,8,48,6000,8,0,1,0,0,173,-,-
feeding cape,347,181,521,8,158,0,0,1,-,-,296
feeding schedule,385,385,1000,8,4,0,0,1,-,-,122
bark bites,60,361,6000,8,43,0,0,1,-,-,61
automatic laser pointer,337,110,326,8,142,0,0,1,-,-,237
sound lazer,67,269,4000,8,294,0,0,1,-,-,297
sound monitor,140,1403,10000,40,325,1,0,0,32,-,-
sound room,1,113,100000,8,84,1,0,0,80,-,-
pet bite,5,107,20000,8,0,1,0,0,206,-,-
pet cube app,401,401,1000,8,81,0,0,1,-,-,4
pet keeper,57,114,2000,8,145,0,0,1,-,-,131
pet monitors with camera for iphone,195,189,969,8,315,0,0,1,-,-,201
paws camera,109,109,1000,8,120,0,0,1,-,-,57
pet pack and play,3,128,50000,8,84,0,0,1,-,-,210
pet web cam,176,176,1000,8,84,0,0,1,-,-,164
pet music,6,312,50000,8,34,0,0,1,-,-,121
pet wifi camera,62,123,2000,8,334,0,0,1,-,-,71
pet talk,879,747,850,16,146,0,0,1,-,-,195
pet speaker,65,129,2000,8,294,0,0,1,-,-,126
pet video monitor,81,161,2000,8,0,1,0,0,232,-,-
pet tudor,-,-,157,-,0,1,0,0,489,-,-
pet tutor for dogs,918,279,304,8,238,0,0,1,-,-,7
wireless treat dispenser,-,-,276,-,46,1,0,1,627,-,28
laser cube,2705,5410,2000,120,150,0,0,1,-,-,19
real laser that burns,152,303,2000,8,95,0,0,1,-,-,255
automatic laser pointer for cats,6807,953,140,24,168,0,0,1,-,-,282
automatic treat dispenser,152,152,1000,8,0,1,0,0,474,-,-
automatic treat dispenser for dogs,1462,405,277,8,128,0,0,1,-,-,36
smart dog treats,32,63,2000,8,275,0,0,1,-,-,282
sound motion,2,96,63940,8,0,1,0,0,224,-,-
full send,912,63866,70000,1032,258,0,0,1,-,-,294
full vision,3,34,10000,8,368,1,0,0,283,-,-
smart toss,21,144,7000,8,235,0,0,1,-,-,148
dog food button,120,359,3000,8,364,0,0,1,-,-,286
2 pack camera,1,105,100000,8,105,0,0,1,-,-,208
dog treat automatic,-,-,213,-,0,1,0,0,480,-,-
dog treat cam,311,293,942,8,334,1,0,1,481,-,13
dog treat robot,2282,89,39,8,0,1,0,0,393,-,-
dog treat tosser,1070,260,243,8,129,1,0,1,360,-,43
pet treat thrower,1566,155,99,8,0,1,0,0,603,-,-
pet treat tote,102,102,1000,8,125,0,0,1,-,-,168
nanny cam 2 way audio,42,42,1000,8,265,0,0,1,-,-,165
get well puppy,13,132,10000,8,224,0,0,1,-,-,284
cell phone dog treat holder,169,82,484,8,84,0,0,1,-,-,30
dog bark speaker,-,-,552,-,40,0,0,1,-,-,195
remote control treat dispenser,10438,167,16,8,0,1,0,0,492,-,-
dog snack camera,-,-,126,-,0,1,0,0,513,-,-
two way suction cup,49,16,324,-,74,0,0,1,-,-,132
smart home pet,37,366,10000,8,84,0,0,1,-,-,193
high frequency start,99,394,4000,8,84,0,0,1,-,-,300
chat her up,-,-,817,-,24,0,0,1,-,-,223
indoor camera 2 pack,23,16,705,-,0,1,0,0,398,-,-
video monitor 2 cameras,12,118,10000,8,274,0,0,1,-,-,274
in home dog camera,34,68,2000,8,286,0,0,1,-,-,85
pet monitor with app,-,-,1000,-,217,0,0,1,-,-,52
treat dispenser video,192,60,312,8,77,0,0,1,-,-,8
2 way,3,276,100000,8,360,1,0,0,172,-,-
2 by 2 cube,4,272,70000,8,358,0,0,1,-,-,32
dog camera with 2 way audio,257,257,1000,8,399,0,0,1,-,-,68
dog camera 2 way audio,-,-,179,-,0,1,0,0,281,-,-
dog laser pointer toy,3589,1152,321,24,264,0,0,1,-,-,127
ic pooch,2725,327,120,8,98,0,0,1,-,-,34
dog video camera with app,221,221,1000,8,199,0,0,1,-,-,88
camera fi app,63,190,3000,8,0,0,0,1,-,-,117
bluetooth pet feeder,394,74,188,8,226,0,0,1,-,-,131
alert phone,38,230,6000,8,367,0,0,1,-,-,300
dog monitor camera,38,75,2000,8,306,1,0,1,96,-,128
dog twister treat dispensing brain,1000,99,99,8,36,0,0,1,-,-,17
dog activity board,34,309,9000,8,307,0,0,1,-,-,239
puppy cam treat,-,-,828,-,78,0,0,1,-,-,63
fido dog camera,-,-,5,-,0,1,0,0,467,-,-
dog dry room,34,341,10000,8,192,0,0,1,-,-,135
dog video treat,198,188,948,8,0,1,0,0,483,-,-
dispenser dog toy,32,64,2000,8,265,0,0,1,-,-,147
wi fi pet camera,102,203,2000,8,114,0,0,1,-,-,100
2 way camera with audio,393,393,1000,8,486,1,0,0,61,-,-
2 way dog camera,260,260,1000,8,330,1,0,1,211,-,78
2 way monitor,12,233,20000,8,0,1,0,0,195,-,-
2 way pet camera,327,318,972,8,383,1,0,1,167,-,21
pet play cube,80,160,2000,8,114,0,0,1,-,-,12
burn hd reviews,52,52,1000,8,119,0,0,1,-,-,208
wi fi,17,1219,70000,40,483,1,0,0,43,-,-
video camera for pets,95,286,3000,8,438,0,0,1,-,-,162
vision 2,1,85,100000,8,0,1,0,0,124,-,-
wifi pet,50,200,4000,8,72,0,0,1,-,-,117
dogs camera,38,153,4000,8,363,0,0,1,-,-,24
2 camera monitor,7,149,20000,8,0,1,0,0,217,-,-
new way,1,123,100000,8,0,1,0,0,95,-,-
bulldog bite,-,-,6000,-,51,0,0,1,-,-,166
doggie frames,60,179,3000,8,294,0,0,1,-,-,164
cat video,11,221,20000,8,41,1,0,0,136,-,-
dog dispenser,31,92,3000,8,72,1,0,1,84,-,123
new cat,6,307,50000,8,0,1,0,0,158,-,-
two dogs,3,271,100000,8,114,0,0,1,-,-,79
nest baby monitor with camera,2116,747,353,16,405,0,0,1,-,-,257
pet activity monitor,478,478,1000,8,233,0,0,1,-,-,55
pet cameras,414,1657,4000,40,440,0,0,1,-,-,28
nanny cat,34,34,1000,8,21,0,0,1,-,-,183
room 2,1,137,100000,8,0,1,0,0,142,-,-
with camera,1,90,100000,8,483,1,0,0,79,-,-
what to feed your baby,366,248,677,8,174,0,0,1,-,-,132
dog way,6,172,30000,8,0,1,0,0,85,-,-
new monitor,7,143,20000,8,0,1,0,0,214,-,-
pet chats,259,259,1000,8,298,0,0,1,-,-,22
pet chatz,3152,104,33,8,0,1,0,0,320,-,-
pet smart,68,675,10000,24,386,0,0,1,-,-,161
pawbo life wifi pet camera,1326,118,89,8,0,1,0,0,325,-,-
well bites dog treats,95,75,786,8,244,0,0,1,-,-,175
cat sound,4,172,40000,8,0,1,0,0,193,-,-
cat alone 2,40,240,6000,8,8,0,0,1,-,-,117
cat lazer app,763,122,160,8,0,0,0,1,-,-,31
cat video camera,55,110,2000,8,0,1,0,0,227,-,-
cat bite,24,171,7000,8,0,1,0,0,222,-,-
cat lazer toys automatic,562,95,169,8,124,0,0,1,-,-,153
cat lazer toys,970,354,365,8,114,0,0,1,-,-,204
night camera,143,1432,10000,40,364,1,0,0,30,-,-
furbo dog camara,-,94,-,8,0,1,0,0,561,-,-
room video camera,11,63,6000,8,0,1,0,0,269,-,-
cube cam,82,246,3000,8,392,0,0,1,-,-,17
pet monitoring system,43,129,3000,8,291,0,0,1,-,-,83
pet bite toys,-,-,7000,-,237,0,0,1,-,-,254
pet technology,8,76,10000,8,0,1,0,0,600,-,-
phone dog toy,122,244,2000,8,375,0,0,1,-,-,245
smart pet,79,314,4000,8,430,1,0,1,303,-,46
dog bad dispenser,-,-,2000,-,77,0,0,1,-,-,160
cat lazer pointer,1075,359,334,8,118,0,0,1,-,-,261
cat motion,8,49,6000,8,0,1,0,0,196,-,-
turbo cat toy,353,161,456,8,312,0,0,1,-,-,220
night vision monitor,1,43,40000,8,0,1,0,0,286,-,-
2 dog,1,116,100000,8,0,1,0,0,226,-,-
night cat,1,71,60000,8,24,1,0,0,147,-,-
lazer pointer automatic,-,-,260,-,55,0,0,1,-,-,263
pet interactive camera,749,242,323,8,227,0,0,1,-,-,15
cat face camera,386,136,352,8,102,0,0,1,-,-,12
toss and talk,324,324,1000,8,78,0,0,1,-,-,44
dog furbo,206,93,452,8,0,1,0,0,450,-,-
dog sight,23,117,5000,8,241,0,0,1,-,-,66
dog sound,4,218,50000,8,0,1,0,0,109,-,-
dog watcher,288,256,889,8,233,0,0,1,-,-,17
ask a question about a product,55,327,6000,8,49,0,0,1,-,-,47
live video chat apps,440,250,568,8,0,0,0,1,-,-,281
whats app free download,629,241,383,8,20,0,0,1,-,-,277
math dog,69,206,3000,8,49,0,0,1,-,-,75
full monitor,2,172,70000,8,0,1,0,0,267,-,-
treat shooter,93,93,1000,8,110,0,0,1,-,-,72
voice purchasing,105,210,2000,8,20,0,0,1,-,-,185
2 way camera,6,168,30000,8,523,1,0,0,164,-,-
amazon cubes,3,101,30000,8,409,0,0,1,-,-,260
pet furbo,-,-,8,-,0,1,0,0,472,-,-
small pet,2,190,100000,8,328,0,0,1,-,-,257
pet minder,253,88,348,8,75,0,0,1,-,-,81
pet watcher camera,668,137,205,8,203,0,0,1,-,-,58
pet watcher treat dispenser,-,-,65,-,24,0,0,1,-,-,20
cat cubes,1348,747,554,16,173,0,0,1,-,-,184
remote treat dispenser,190,125,659,8,0,1,0,0,456,-,-
lazer cat,245,229,933,8,154,0,0,1,-,-,273
laser dog,62,374,6000,8,84,0,0,1,-,-,143
night video camera,11,107,10000,8,84,1,0,0,209,-,-
night anxiety,7,138,20000,8,289,0,0,1,-,-,148
night bite,19,115,6000,8,0,1,0,0,256,-,-
video dog treat,72,72,1000,8,236,1,0,1,270,-,10
digital rewards,760,747,983,16,24,0,0,1,-,-,271
speaker cube,317,317,1000,8,196,0,0,1,-,-,286
auto dog treat dispenser,523,356,681,8,105,1,0,1,628,-,33
auto dog treat,168,95,567,8,0,1,0,0,500,-,-
best pet camera,179,179,1000,8,360,0,0,1,-,-,84
dog cat treat,-,-,18898,-,0,1,0,0,102,-,-
indoor cat barrier,59,118,2000,8,75,1,0,0,399,-,-
what are digital orders,33,33,1000,8,27,0,0,1,-,-,279
turbo cat zoom,744,154,207,8,52,0,0,1,-,-,35
doggie dispenser,19,74,4000,8,84,0,0,1,-,-,236
animal treat dispenser,120,23,192,8,0,1,0,0,499,-,-
play cubes,6,128,20000,8,214,0,0,1,-,-,174
puppy dispenser,5,19,4000,8,84,0,0,1,-,-,158
camas de perros grandes,478,478,1000,8,78,0,0,1,-,-,179
cat feeding table,518,409,789,8,269,0,0,1,-,-,152
the best pet,2,175,100000,8,108,0,0,1,-,-,195
chat with customer support,482,482,1000,8,24,0,0,1,-,-,140
cheap pet camera,10,82,8000,8,120,0,0,1,-,-,88
dog smart tag,45,134,3000,8,72,0,0,1,-,-,180
smart cubes,26,259,10000,8,66,0,0,1,-,-,79
smart dog treat dispenser,1417,136,96,8,0,1,0,0,656,-,-
smart pet treat dispenser,1190,75,63,8,0,1,0,0,619,-,-
home care giver,-,-,493,-,68,0,0,1,-,-,161
wireless dog camera,55,166,3000,8,367,0,0,1,-,-,276
music for dogs with anxiety,134,402,3000,8,79,0,0,1,-,-,168
pink cubs dog,256,131,512,8,70,0,0,1,-,-,161
dog memory trainer,-,-,491,-,57,0,0,1,-,-,105
world of cubes 2,69,346,5000,8,0,0,0,1,-,-,216
electronic treat dispenser,449,136,303,8,50,1,0,1,529,-,30
camara para perros,1357,194,143,8,34,1,0,0,410,-,-
cat feeding table tall,138,138,1000,8,77,0,0,1,-,-,151
small pet camera,27,191,7000,8,323,0,0,1,-,-,55
monitor for pets,11,114,10000,8,91,0,0,1,-,-,212
pet feeding machine,-,-,1000,-,226,0,0,1,-,-,294
interactive security camera,-,-,282,-,86,0,0,1,-,-,221
electronic treat dispenser for dogs,-,-,331,-,84,0,0,1,-,-,106
wireless dog treat dispenser,397,77,194,8,0,1,0,0,664,-,-
monitor with video,1,45,40000,8,0,1,0,0,259,-,-
audio video camera,10,208,20000,8,0,1,0,0,208,-,-
automatic cat treat dispenser,377,165,438,8,0,1,0,0,323,-,-
automatic pet laser,330,246,745,8,84,0,0,1,-,-,105
bluetooth dog treat dispenser,214000,214,1,8,0,1,0,0,503,-,-
lazer pointer watch,-,-,563,-,79,0,0,1,-,-,292
table for two baby feeder,911,326,358,8,74,0,0,1,-,-,201
pet safe treat and train,485,49,101,8,36,0,0,1,-,-,9
how to set up alexia,728,166,228,8,1,0,0,1,-,-,185
dog separation anxiety treats,167,130,777,8,159,0,0,1,-,-,210
order notifications settings,-,-,820,-,1,0,0,1,-,-,190
dog treat hider toy,-,-,25,-,0,1,0,0,381,-,-
cat automatic laser pointer,353,89,252,8,55,0,0,1,-,-,216
cat device,-,-,10000,-,81,0,0,1,-,-,231
dog automatic treat,30,25,846,8,68,0,0,1,-,-,101
furbo treat,2245,110,49,8,0,1,0,0,646,-,-
way camera,10,191,20000,8,0,1,0,0,185,-,-
view cube,3,22,8000,8,25,0,0,1,-,-,227
dog motion,9,79,9000,8,0,1,0,0,242,-,-
nest carbon black,585,137,234,8,37,0,0,1,-,-,136
per cube camera,1535,109,71,8,0,1,0,0,421,-,-
2 cubes,8,326,40000,8,466,0,0,1,-,-,41
2 monitor,20,406,20000,16,617,1,0,0,29,-,-
laser pointer cat toy automatic,371,106,286,8,152,0,0,1,-,-,268
treats for dogs with anxiety,86,86,1000,8,253,0,0,1,-,-,245
hd night,8,246,30000,8,84,1,0,0,154,-,-
view 2,1,82,100000,8,0,1,0,0,219,-,-
fargo 2,358,315,879,8,13,0,0,1,-,-,117
2 camera,2,225,100000,8,0,1,0,0,103,-,-
2 night,20,393,20000,8,38,1,0,0,265,-,-
cat lazer,1479,886,599,16,270,0,0,1,-,-,242
cube camera 1080p,272,183,674,8,366,0,0,1,-,-,41
auto pet treat dispenser,707,263,372,8,72,1,0,1,501,-,17
pet video monitor with app,702,675,961,16,358,1,0,1,298,-,16
new video,2,172,90000,8,0,1,0,0,218,-,-
full view,1,119,80000,8,0,1,0,0,191,-,-
best pet cam,8,39,5000,8,263,0,0,1,-,-,69
cat treat dispenser with camera,544,86,158,8,0,1,0,0,288,-,-
dog treat device,-,-,1000,-,0,1,0,0,518,-,-
dog treat remote,-,-,554,-,84,1,0,1,466,-,28
doggie treat camera,-,-,174,-,0,1,0,0,524,-,-
web cam for pets,185,185,1000,8,262,0,0,1,-,-,192
furbo dog camer,-,-,-,-,0,1,0,0,562,-,-
motion sounds,2,203,100000,8,84,0,0,1,-,-,109
camera with laser pointer,-,-,978,-,0,1,0,0,630,-,-
kata camera bags,998,455,456,8,108,0,0,1,-,-,101
video camera pets,-,-,3000,-,326,0,0,1,-,-,175
cat feeding puzzles,51,51,1000,8,276,0,0,1,-,-,256
camera full,1,73,80000,8,0,1,0,0,94,-,-
petzi treat,4000,28,7,8,0,1,0,0,614,-,-
view hd,10,203,20000,8,0,1,0,0,261,-,-
pet camer,320,296,924,8,84,0,0,1,-,-,101
flings treats,-,-,391,-,72,0,0,1,-,-,29
facetime apps,372,249,670,8,0,0,0,1,-,-,173
lazer house,50,100,2000,8,78,0,0,1,-,-,258
kittyo pet camera,14000,336,24,8,6,0,0,1,-,-,3
assistant chat,189,132,697,8,36,0,0,1,-,-,248
vision motion,6,56,10000,8,0,1,0,0,65,-,-
toys pigs,2,31,20000,8,0,1,0,0,391,-,-
pet cam 5ghz,-,-,744,-,120,0,0,1,-,-,132
dog treat electric dispenser,632,108,171,8,0,1,0,0,482,-,-
pup play harness,-,-,516,-,72,0,0,1,-,-,100
pawbo cat,1765,316,179,8,36,0,0,1,-,-,33
pawbo cat toys,7760,194,25,8,12,0,0,1,-,-,10
camera for phone app,8,81,10000,8,337,0,0,1,-,-,290
xdogy phone,770,107,139,8,67,0,0,1,-,-,292
doggie entertainment,177,177,1000,8,195,0,0,1,-,-,75
cat monitor with laser,-,-,-,-,0,1,0,0,504,-,-
pet cube bites camera,1963,214,109,8,55,0,0,1,-,-,1
turbo pet camera,-,-,1000,-,0,1,0,0,624,-,-
wi fi cat toy,-,-,368,-,81,0,0,1,-,-,214
how to use digital rewards,148,31,209,8,36,0,0,1,-,-,75
sound bites machine,188,64,340,8,52,0,0,1,-,-,112
automatic dog treat dispenser with camera,1174,256,218,8,84,0,0,1,-,-,24
doggy camera monitor with audio,1509,240,159,8,114,0,0,1,-,-,214
ulo camera pet,2098,214,102,8,36,0,0,1,-,-,42
we connect toys for couples,188,188,1000,8,256,0,0,1,-,-,166
wifi dog feeder with camera,568,151,266,8,78,0,0,1,-,-,74
puppy bite,18,160,9000,8,68,0,0,1,-,-,70
sound bite,8,39,5000,8,0,1,0,0,181,-,-
monitor with,3,302,100000,8,312,1,0,0,231,-,-
turn on notifications for orders,-,-,731,-,46,0,0,1,-,-,118
night sound,1,124,100000,8,0,1,0,0,143,-,-
speaker cam,16,125,8000,8,280,0,0,1,-,-,231
laser pointer for dog training,-,-,285,-,70,0,0,1,-,-,138
puppy collar camera,-,-,396,-,69,0,0,1,-,-,25
pet parent,23,225,10000,8,387,0,0,1,-,-,124
home pet cameras,88,263,3000,8,428,0,0,1,-,-,104
furgo dog camera,1075,43,40,8,0,1,0,0,590,-,-
lazer pointer for cat and dog,321,107,333,8,93,0,0,1,-,-,146
dog treat wifi,163,76,466,8,0,1,0,0,522,-,-
cat toys lazer pointer,471,137,291,8,78,0,0,1,-,-,243
cat lazer pointer toy,790,319,404,8,122,0,0,1,-,-,181
answer to anxiety,61,122,2000,8,203,0,0,1,-,-,261
automatic laser pointer for dogs,80,33,415,8,100,0,0,1,-,-,157
laser pointer for cats interactive,336,114,339,8,177,0,0,1,-,-,281
cat amazing best interactive cat toy ever,-,-,200,-,193,0,0,1,-,-,175
petsy premium,-,-,34,-,12,0,0,1,-,-,18
treat launcher for cats,97,85,878,8,214,0,0,1,-,-,68
live camera for pet,257,257,1000,8,338,0,0,1,-,-,111
news microphone toy,218,82,376,8,84,0,0,1,-,-,231
pet laser toy for dogs,-,-,1000,-,84,0,0,1,-,-,165
smart pet feeder camera,194,55,283,8,67,0,0,1,-,-,145
dog treat app,-,59,-,8,0,1,0,0,515,-,-
dog treat thrower with camera,1309,127,97,8,0,1,0,0,357,-,-
dog monitor with treat,-,39,-,8,0,1,0,0,479,-,-
cat feeder cam,258,41,159,8,77,0,0,1,-,-,116
indoor dog cameras,129,258,2000,8,114,0,0,1,-,-,273
laser for dogs automatic,51,34,673,8,141,0,0,1,-,-,284
large treat dispenser,19,77,4000,8,84,0,0,1,-,-,108
dog toy with voice recording,192,91,473,8,33,0,0,1,-,-,263
remote dog treat dispenser camera,385,42,109,8,0,1,0,0,655,-,-
room camera that connects to your phone with voice,-,-,779,-,90,0,0,1,-,-,252
the animal bite for iphone,414,140,338,8,52,0,0,1,-,-,120
dog treat matt,115,115,1000,8,262,0,0,1,-,-,120
treat launcher for dogs,579,366,632,8,84,0,0,1,-,-,56
wifi pet feeder with camera,130,85,652,8,0,1,0,0,372,-,-
dog cam with treat dispenser,-,70,-,8,0,1,0,0,508,-,-
automatic feeding unit,40,38,945,8,166,0,0,1,-,-,264
silicone treat dispenser,-,-,1000,-,84,0,0,1,-,-,53
treat dispensing pet camera,94,18,191,8,0,1,0,0,454,-,-
lovoom pet,8381,176,21,8,4,0,0,1,-,-,6
pawbo spring,9561,392,41,8,0,0,0,1,-,-,13
away mode skill,338,338,1000,8,0,0,0,1,-,-,191
petzi dog camera,-,-,-,-,0,1,0,0,612,-,-
view in your room,37,747,20000,24,598,0,0,1,-,-,235
dog cube treat toy,164,130,792,8,72,0,0,1,-,-,117
furbo dog nanny,2053,78,38,8,0,1,0,0,568,-,-
phone bites,44,133,3000,8,82,0,0,1,-,-,118
order help support chat,710,247,348,8,14,0,0,1,-,-,50
treat throwing camera,-,-,-,-,0,1,0,0,620,-,-
dog monitoring system,156,312,2000,8,100,0,0,1,-,-,199
doggy camera monitor with,-,-,518,-,96,0,0,1,-,-,277
pet control plugs,61,122,2000,8,288,0,0,1,-,-,232
per camera monitor,187,187,1000,8,102,0,0,1,-,-,151
cat treat wifi,136,74,544,8,84,0,0,1,-,-,2
animal treat camera,115,41,358,8,0,1,0,0,498,-,-
ultimate pet,24,188,8000,8,230,0,0,1,-,-,216
video chat wifi camera,-,-,717,-,84,0,0,1,-,-,169
toogle pet camera,676,73,108,8,119,0,0,1,-,-,13
puppy separation anxiety toy,184,101,548,8,196,0,0,1,-,-,174
pet camera uplore,390,39,100,8,122,0,0,1,-,-,48
pupple dog camera,24667,370,15,8,54,0,0,1,-,-,5
small laser cube,49,147,3000,8,74,0,0,1,-,-,156
treat my back,292,292,1000,8,68,0,0,1,-,-,93
using digital rewards,520,118,227,8,69,0,0,1,-,-,109
2 pack cat laser pointer,649,303,467,8,67,0,0,1,-,-,196
cat video feeder,123,75,609,8,79,0,0,1,-,-,206
modern electronic dog toy,150,150,1000,8,283,0,0,1,-,-,107
small camera app,3,50,20000,8,68,0,0,1,-,-,239
compact lazer cube,283,125,441,8,68,0,0,1,-,-,62
zoom cube,95,190,2000,8,60,0,0,1,-,-,249
black friday pet,91,363,4000,8,312,0,0,1,-,-,238
pet cameras monitors,32,95,3000,8,96,0,0,1,-,-,211
cleverpet treat dispenser,1462,345,236,8,72,0,0,1,-,-,26
cube cats,28,168,6000,8,84,0,0,1,-,-,196
trixie puzzles,1459,448,307,8,248,0,0,1,-,-,233
automated dog treat,942,262,278,8,84,0,0,1,-,-,11
alexa camera,6751,6751,1000,136,511,1,0,1,10,-,289
alexa video,832,1664,2000,40,404,1,0,0,25,-,-
alexa phone,177,886,5000,16,490,0,0,1,-,-,235
alexa products,608,2430,4000,56,468,0,0,1,-,-,244
puppy cameras with phone app,9422,2431,258,56,403,1,0,1,349,-,99
alexa view,4007,561,140,16,286,1,0,0,62,-,-
kamtron security camera 1080p wifi pet camera,3219,412,128,8,111,0,0,1,-,-,41
dog with,11,332,30000,8,61,1,0,0,169,-,-
furbo 2 way camera,-,-,-,-,0,1,0,0,555,-,-
new alexa,559,559,1000,16,113,1,0,0,59,-,-
treat dispenser with a button,-,-,641,-,77,0,0,1,-,-,25
nvidia jetson nano,4969,810,163,16,131,1,0,0,366,-,-
doggy camera with phone app,7726,1267,164,32,229,1,0,1,354,-,100
pet 2,2,236,100000,8,197,1,0,1,49,-,28
alexa setup instructions,177,353,2000,8,24,0,0,1,-,-,284
lovoom pet camera,-,-,89,-,0,1,0,0,457,-,-
alexa with camera,123,245,2000,8,0,1,0,0,100,-,-
alexa monitor,323,323,1000,8,175,1,0,0,108,-,-
per camera,551,381,691,8,0,1,0,0,335,-,-
fur o,66,263,4000,8,58,1,0,0,546,-,-
pet cube 2,-,-,13,-,0,1,0,0,302,-,-
dog cameras with phone app with speaker 2 way,581,281,484,8,107,0,0,1,-,-,130
dog canera,24,236,10000,8,0,1,0,0,328,-,-
alexa video camera,-,-,-,-,0,1,0,0,160,-,-
per cube,-,-,-,-,0,1,0,0,431,-,-
room with,-,488,-,8,0,1,0,0,254,-,-
furbo alexa,-,-,10,-,0,1,0,0,645,-,-
dog video monitor with audio,476,227,477,8,0,1,0,0,101,-,-
alexa audio,-,-,-,-,0,1,0,0,153,-,-
alexa with video,-,-,4000,-,0,1,0,0,179,-,-
dog anxiety treat,198,396,2000,8,301,0,0,1,-,-,237
with alexa,-,-,-,-,0,1,0,0,140,-,-
pet cube bites 2,38100,381,10,8,0,1,0,0,412,-,-
furdog dog camera,1731,206,119,8,0,1,0,0,588,-,-
conico pet camera,6938,451,65,8,24,1,0,0,384,-,-
ferbo dog,3974,306,77,8,0,1,0,0,532,-,-
furbo reviews,800,96,120,8,0,1,0,0,397,-,-
furbo treats medium dogs,265,256,965,8,49,0,0,1,-,-,255
furbo discount,2360,262,111,8,0,1,0,0,559,-,-
the warrant 2020,3066,420,137,8,22,0,0,1,-,-,68
arf treat dispenser,-,-,219,-,72,0,0,1,-,-,12
the big bite thing,32,319,10000,8,25,0,0,1,-,-,245
dog wi,-,446,-,8,0,1,0,0,262,-,-
fur baby camera,-,-,-,-,0,1,0,0,644,-,-
furdog camera,-,-,-,-,0,1,0,0,587,-,-
furbo dog camera only,-,-,-,-,0,1,0,0,564,-,-
doggie camera with treats,-,-,-,-,0,1,0,0,640,-,-
ferbo wireless camera,-,-,-,-,0,1,0,0,534,-,-
doggie camera treat dispenser,-,-,-,-,0,1,0,0,639,-,-
doggie cam with treats,-,-,-,-,0,1,0,0,638,-,-
dog treat furbo,-,-,-,-,0,1,0,0,636,-,-
furdo dogs,-,-,-,-,0,1,0,0,586,-,-
ferbo dog camera,-,-,-,-,0,1,0,0,533,-,-
treat tosser smart pet feeder,-,-,-,-,0,1,0,0,661,-,-
ferbo camera,-,-,-,-,0,1,0,0,531,-,-
furby dog camera,-,-,-,-,0,1,0,0,584,-,-
fargo dog camera,-,-,-,-,0,1,0,0,530,-,-
durbo dog camera,-,-,-,-,0,1,0,0,528,-,-
puppy food 6 weeks,-,-,-,-,0,1,0,0,653,-,-
hooman dog camera,-,-,-,-,0,1,0,0,595,-,-
doggy cam with treat,-,-,-,-,0,1,0,0,525,-,-
kong treats puppies,-,-,-,-,0,1,0,0,647,-,-
pet cube smart,-,-,-,-,0,1,0,0,648,-,-
puppy cam with treats,-,-,-,-,0,1,0,0,652,-,-
furgo pet camera,-,-,-,-,0,1,0,0,591,-,-
dog treat shooter camera,-,-,-,-,0,1,0,0,521,-,-
fetch camera,-,-,-,-,0,1,0,0,535,-,-
dog treat dispenser with remote,-,-,-,-,0,1,0,0,635,-,-
wellness petite treat,-,-,-,-,0,1,0,0,663,-,-
furbo 2,-,-,-,-,0,1,0,0,554,-,-
furbo dog camera black friday,-,-,-,-,0,1,0,0,563,-,-
petcam feeder,-,-,-,-,0,1,0,0,605,-,-
petcam with treats,-,-,-,-,0,1,0,0,606,-,-
furbo cat treats,-,-,-,-,0,1,0,0,558,-,-
pet treat feeder camera,-,-,-,-,0,1,0,0,601,-,-
petzi treat camera,-,-,-,-,0,1,0,0,615,-,-
puppy camera with treats,-,-,-,-,0,1,0,0,617,-,-
furbo dog camera with alexa,-,-,-,-,0,1,0,0,565,-,-
furbo black friday,-,-,-,-,0,1,0,0,556,-,-
treat throwing dog camera,-,-,-,-,0,1,0,0,621,-,-
furbo dog canera,-,-,-,-,0,1,0,0,566,-,-
furbo dog monitor,-,-,-,-,0,1,0,0,567,-,-
furbi dog camera,-,-,-,-,0,1,0,0,551,-,-
pet treat machine,-,-,-,-,0,1,0,0,602,-,-
furbee dog camera,-,-,-,-,0,1,0,0,549,-,-
used furbo,-,-,-,-,0,1,0,0,625,-,-
furbo nanny,-,-,-,-,0,1,0,0,570,-,-
treat feeder with camera,-,-,-,-,0,1,0,0,659,-,-
verbo dog camera,-,-,-,-,0,1,0,0,626,-,-
dog camera treat tosser,-,-,-,-,0,1,0,0,632,-,-
fur ball camera,-,-,-,-,0,1,0,0,543,-,-
frobo dog camera,-,-,-,-,0,1,0,0,538,-,-
dog monitor with treat dispenser,-,-,-,-,0,1,0,0,633,-,-
fido cam,-,-,-,-,0,1,0,0,536,-,-
dog treat despensers,-,-,-,-,0,1,0,0,634,-,-
furbo treat tossing pet camera,-,-,-,-,0,1,0,0,574,-,-
puppy goldendoodle,-,-,-,-,0,1,0,0,654,-,-
petcube 2020,-,-,-,-,0,1,0,0,427,-,-
dog treat giver with camera,-,-,-,-,0,1,0,0,520,-,-
monitor built camera,-,-,-,-,0,1,0,0,243,-,-
pet sound,-,-,-,-,0,1,0,0,54,-,-
pet treat dog,-,-,-,-,0,1,0,0,48,-,-
with camera hd,-,-,-,-,0,1,0,0,215,-,-
audio 2,-,-,-,-,0,1,0,0,216,-,-
video monitor with camera audio,-,-,-,-,0,1,0,0,41,-,-
alexa dog camera,-,-,-,-,0,1,0,0,220,-,-
vision bite dog,-,-,-,-,0,1,0,0,225,-,-
pet camera alexa,-,-,-,-,0,1,0,0,234,-,-
alexa motion,-,-,-,-,0,1,0,0,235,-,-
petcube bite treat,-,-,-,-,0,1,0,0,239,-,-
petcube bite 2,-,-,-,-,0,1,0,0,245,-,-
alexa built,-,-,-,-,0,1,0,0,76,-,-
alexa room,-,-,-,-,0,1,0,0,248,-,-
pet bite 2,-,-,-,-,0,1,0,0,249,-,-
dog fi,-,-,-,-,0,1,0,0,250,-,-
pet dispenser with camera,-,-,-,-,0,1,0,0,253,-,-
bite treat,-,-,-,-,0,1,0,0,255,-,-
alexa hd,-,-,-,-,0,1,0,0,258,-,-
cat dog 2,-,-,-,-,0,1,0,0,263,-,-
petcube bite camera,-,-,-,-,0,1,0,0,264,-,-
cat treat video,-,-,-,-,0,1,0,0,266,-,-
night vision 1080p,-,-,-,-,0,1,0,0,268,-,-
alexa sound,-,-,-,-,0,1,0,0,212,-,-
monitor with 2 camera,-,-,-,-,0,1,0,0,82,-,-
built bite,-,-,-,-,0,1,0,0,273,-,-
monitor with camera audio,-,-,-,-,0,1,0,0,132,-,-
alexa 2020,-,-,-,-,0,1,0,0,146,-,-
camera with audio video,-,-,-,-,0,1,0,0,145,-,-
pet treat cat,-,-,-,-,0,1,0,0,159,-,-
night vision motion,-,-,-,-,0,1,0,0,161,-,-
room camera with monitor audio,-,-,-,-,0,1,0,0,163,-,-
2 dog treat,-,-,-,-,0,1,0,0,165,-,-
2020 monitor,-,-,-,-,0,1,0,0,170,-,-
view room,-,-,-,-,0,1,0,0,137,-,-
monitor with camera built,-,-,-,-,0,1,0,0,135,-,-
new 2020,-,-,-,-,0,1,0,0,176,-,-
video monitor with 2 camera,-,-,-,-,0,1,0,0,128,-,-
audio monitor 2 way,-,-,-,-,0,1,0,0,92,-,-
petcube treat dog,-,-,-,-,0,1,0,0,122,-,-
alexa pet,-,-,-,-,0,1,0,0,187,-,-
dog treat bite,-,-,-,-,0,1,0,0,188,-,-
alexa dog treat dispenser,-,-,-,-,0,1,0,0,121,-,-
video monitor 2 camera,-,-,-,-,0,1,0,0,192,-,-
way audio,-,-,-,-,0,1,0,0,106,-,-
vision bite,-,-,-,-,0,1,0,0,198,-,-
cat 2,-,-,-,-,0,1,0,0,201,-,-
camera 2020,-,-,-,-,0,1,0,0,202,-,-
motion pet camera,-,-,-,-,0,1,0,0,203,-,-
1080p motion camera,-,-,-,-,0,1,0,0,271,-,-
petcube bite 2 treat,-,-,-,-,0,1,0,0,275,-,-
dog treat canera,-,-,-,-,0,1,0,0,517,-,-
dog camera treat thrower,-,-,-,-,0,1,0,0,478,-,-
furbo nanny dog camera,-,-,-,-,0,1,0,0,458,-,-
furbo dog treat camera,-,-,-,-,0,1,0,0,462,-,-
pet tutor treat dispenser,-,-,-,-,0,1,0,0,463,-,-
alexa dog treat,-,-,-,-,0,1,0,0,464,-,-
cat camera treat dispenser laser,-,-,-,-,0,1,0,0,465,-,-
new furbo,-,-,-,-,0,1,0,0,470,-,-
pet camera laser treat,-,-,-,-,0,1,0,0,471,-,-
cat video treat dispenser,-,-,-,-,0,1,0,0,475,-,-
dog camara treat,-,-,-,-,0,1,0,0,476,-,-
dog camera gives treats,-,-,-,-,0,1,0,0,477,-,-
manners minder dogs,-,-,-,-,0,1,0,0,488,-,-
pet cube play 2,-,-,-,-,0,1,0,0,452,-,-
treat n train dogs,-,-,-,-,0,1,0,0,494,-,-
treat n train manners minder,-,-,-,-,0,1,0,0,495,-,-
amazon furbo,-,-,-,-,0,1,0,0,497,-,-
automatic dog treat feeder,-,-,-,-,0,1,0,0,502,-,-
crate treat dispenser,-,-,-,-,0,1,0,0,505,-,-
dog alexa,-,-,-,-,0,1,0,0,506,-,-
dog camera throws treats,-,-,-,-,0,1,0,0,510,-,-
dog feeding camera,-,-,-,-,0,1,0,0,511,-,-
dog tossing treat,-,-,-,-,0,1,0,0,514,-,-
dog treat camer,-,-,-,-,0,1,0,0,516,-,-
petcube play2,-,-,-,-,0,1,0,0,455,-,-
wifi laser cat toy,-,-,-,-,0,1,0,0,447,-,-
petcube bite pet camera,-,-,-,-,0,1,0,0,277,-,-
petbites 2,-,-,-,-,0,1,0,0,419,-,-
1080p full hd camera,-,-,-,-,0,1,0,0,279,-,-
dog video camera with audio,-,-,-,-,0,1,0,0,282,-,-
camera dogs home,-,-,-,-,0,1,0,0,311,-,-
dog puzzles smart,-,-,-,-,0,1,0,0,343,-,-
treat puzzle games dogs,-,-,-,-,0,1,0,0,363,-,-
puzzle toy dogs,-,-,-,-,0,1,0,0,395,-,-
puppy brain stimulating toys,-,-,-,-,0,1,0,0,400,-,-
dog treat puzzles medium,-,-,-,-,0,1,0,0,403,-,-
bites 2,-,-,-,-,0,1,0,0,414,-,-
pet cubes bites camera,-,-,-,-,0,1,0,0,417,-,-
pet bites 2 camera,-,-,-,-,0,1,0,0,422,-,-
doggy camera with treat dispenser,-,-,-,-,0,1,0,0,445,-,-
pet bites camera,-,-,-,-,0,1,0,0,423,-,-
pet cube dog camera,-,-,-,-,0,1,0,0,424,-,-
petcube 2019,-,-,-,-,0,1,0,0,426,-,-
petcube bites 2 black,-,-,-,-,0,1,0,0,428,-,-
petcube bites2,-,-,-,-,0,1,0,0,429,-,-
alexa cat,-,-,-,-,0,1,0,0,432,-,-
alexa cat toy,-,-,-,-,0,1,0,0,433,-,-
cat cube camera,-,-,-,-,0,1,0,0,434,-,-
laser camera cat,-,-,-,-,0,1,0,0,437,-,-
petcube with laser,-,-,-,-,0,1,0,0,443,-,-
camara dogs,-,-,-,-,0,1,0,0,444,-,-
remote treat dispenser cats,-,-,-,-,0,1,0,0,668,-,-